Amharic,Oromo,domain
ታምሜአለሁ።,dhukkubseen jira.,General
ተረጋጋ።,tasgabbaa'aa.,General
ተመለስ።,duubatti deebi'i.,General
ቶም ተነስቱዋል።,toom ol ka'eera.,General
አጭር ነኝ።,ani gabaabaa dha.,General
ይሰራል።,ni hojjeta.,General
ቀጥልበት።,itti fufi.,General
እታዘዛለሁ።,ani nan ajajama.,General
እርግጠኛ ነኝ።,ani mirkanaa'aa dha.,General
ትክክል ነኝ።,ani sirrii dha.,General
እድለኛ ነኝ።,carraa qaba.,General
እዚያ ነው።,achi jira.,General
ቀላል ነው።,salphaa dha.,General
ተመልከት።,mee ilaalaa.,General
እዚህ ነን።,nuti as jirra.,General
ቶም እየሞተ ነው።,toom du'aa jira.,General
አልስማማም።,ani walii hin galu.,General
አገኘሁት።,argadheera.,General
በደንብ ይሰራል።,akka gaariitti hojjeta.,Agriculture
ትክክል ነው።,sirriidha.,General
አንድ ብቻ ይውሰዱ።,tokko qofa fudhadhu.,General
ቶም ይቀራል።,toom ni tura.,General
አትዘን።,hin gaddinaa.,General
መምህር ነኝ።,ani barsiisaadha.,Education
ደስተኛ አይደለሁም።,ani hin gammadu.,General
ማንበብ እወዳለሁ።,dubbisuun natti tola.,General
መጮህ አቁም።,iyyaa dhiisaa.,General
ቶም ተቀምጧል።,toom taa'ee jira.,General
ቶም ይህን ይወዳል።,toom kana ni jaallata.,General
መብላት አለብን።,nyaachuu qabna.,General
መሞከር አለብን።,yaaluun dirqama.,General
ጠንካራ ነህ።,ati jabaadha.,General
እራት ዝግጁ ነው።,irbaata qophaa'eera.,General
ጨርሻለሁ።,xumureera.,General
መደነስ እወዳለሁ።,shubbisuun natti tola.,General
ደክሞኝ ነበር።,dadhabeen ture.,General
ቢራ እፈልጋለሁ።,biiraa tokkon barbaada.,General
እርግጠኛ አይደለሁም።,ani mirkanaa'aa miti.,General
አላገባሁም።,ani hin heerumne.,General
እኔ የቀዶ ጥገና ሀኪም ነኝ።,ani ogeessa baqaqsanii hodhuudha.,Religion
አይጎዳም።,hin miidhu.,General
እባክህ ተቀመጥ።,mee taa'aa.,General
ደስተኛ ይመስላሉ።,gammachuu fakkaatu.,General
ቶም ዲዳ አይደለም።,toom afaan hin qabu.,General
ቶም ታጋሽ ነው።,toom obsa qaba.,General
ቶም ያስታውሳል።,toom ni yaadata.,Health/Medical
መነጋገር አለብን።,haasa'uu qabna.,General
መምጣት አለብህ።,dhufuu qabda.,General
ደደብ ነህ።,ati gowwaa dha.,General
ቲሹ ስጠኝ።,tishuu tokko naaf kenni.,General
ወንድሜ ነው።,inni obboleessa kooti.,General
እሱ ሞኝ አይደለም።,inni gowwaa miti.,General
እንስሳትን ይወዳል።,bineensota ni jaallata.,Agriculture
አሁን መሄድ አለብኝ።,amma deemuun qaba.,General
በጣም ደስተኛ ነበርኩ።,baay'een gammade.,General
እየቀለድኩ ነው።,qoosaa qofaan jira.,General
ቀላል ይመስላል።,salphaa fakkaata.,General
ቫይረስ አይደለም።,vaayirasii miti.,Health/Medical
እንደገና ተመልከት።,ammas ilaalaa.,Religion
ማንም አያውቅም።,namni beeku hin jiru.,General
ማንም ፍጹም አይደለም።,namni mudaa hin qabne hin jiru.,General
በጣም አመሰግናለሁ።,baay'ee galatoomaa.,General
ውሃው ሞቃት ነው።,bishaan ho'aa dha.,General
ይህ ጥሩ ይመስላል።,kun gaarii fakkaata.,General
ቶም ንጹህ ነበር።,toom qulqulluu ture.,General
የተቻለህን አድርግ።,waan dandeessu hunda godhi.,General
መስራት ጀመርኩ።,hojii jalqabe.,General
እውነት ሊሆን አይችልም።,dhugaa ta'uu hin danda'u.,Religion
ጤናማ ይመስላል።,fayyaa fakkaata.,Health/Medical
አሁን በጣም ዘግይቱዋል።,amma yeroon isaa darbeera.,General
ሰኞ እንገናኝ።,isniina wal argina.,Religion
ውሃው ንጹህ ነው።,bishaan qulqulluudha.,General
ምንም ጥርጥር የለውም።,shakkiin hin jiru.,General
ውሃ የለም።,bishaan hin jiru.,General
ይህ በእኔ ላይ ነው።,inni kun narra jira.,General
ቶም ጀግና አይደለም።,toom goota miti.,General
ቶም ደስተኛ ይመስላል።,toom waan gammade fakkaata.,General
ቶም ማጥመድ ይወዳል።,toom qurxummii qabuu ni jaallata.,General
መብራቱን ያጥፉ።,ifa dhaamsaa.,General
ወንጀል አይከፍልም።,yakki hin kaffalu.,Government
ሙሉ በሙሉ እስማማለሁ።,guutummaatti walii gala.,General
እኔ አስተማሪ አይደለሁም።,ani barsiisaa miti.,Education
ልረዳህ እችላለሁ።,si gargaaruu nan danda'a.,General
አይመስለኝም።,ani akkas natti hin fakkaatu.,General
ጥቂት መጽሀፍት አሉኝ።,kitaabota muraasa qaba.,General
በቂ አይቻለሁ።,ga'aa argeera.,General
እዚያ መሆን አለብኝ።,achitti argamuun qaba.,General
ትንሽ ደክሞኛል።,xiqqoo dadhabeera.,General
ምናልባት እጣ ፈንታ ሊሆን ይችላል።,tarii hiree ta'uu danda'a.,General
አንዴ በቂ አይደለም።,al tokko gahaa miti.,General
ድመቱዋ ተኝታለች።,sareen rafaa jirti.,General
ውሃው ሞቃት ነበር።,bishaan sun ho'aa ture.,General
ችግር አለ።,rakkoon jira.,General
ሁሉም ተመሳሳይ ናቸው።,hundi isaanii wal fakkaatu.,General
ይህ በጣም አስቂኝ ነው።,kun waan nama kofalchiisudha.,General
ቶም መጻፍ ይወዳል።,toom barreessuu ni jaallata.,General
ቶም ስራውን ይወዳል።,toom hojii isaa ni jaallata.,General
ቶም ይህን ይወዳል።,toom akkas ni jaallata.,General
ለመረጋጋት ይሞክሩ።,tasgabbaa'uuf yaalaa.,General
ሁሉም ነገር ዝግጁ ነው።,wanti hundi qophaa'eera.,General
በጣም ወድጄዋለሁ።,baay'een jaalladha.,General
በስድስት እመለሳለሁ።,sa'aatii ja'aatti nan deebi'a.,General
ጥያቄ አለኝ።,gaaffiin qaba.,Education
ይህን ማድረግ አለብኝ።,kana gochuun qaba.,General
ትንሽ ቀዝቃዛ ነው።,xiqqoo qorra.,General
በጣም ውድ ነው።,garmalee qaala'aa dha.,General
የማይቻል አይደለም።,kan hin danda'amne miti.,General
በጣም ያልተለመደ አይደለም።,akkas waan hin baratamne miti.,General
ያ እውነት ሊሆን አይችልም።,sun dhugaa ta'uu hin danda'u.,Religion
እነዚህ ቃላት አይደሉም።,kun jechoota miti.,General
ጓደኞቼ ናቸው።,isaan hiriyyoota kooti.,General
ይህ ለእርስዎ አይደለም።,kun siif miti.,General
ይህ በጣም አስደሳች ነው።,kun baay'ee nama gammachiisa.,General
ቶም መጓዝ ይወዳል።,toom imala ni jaallata.,General
ቶም የተገረመ ይመስላል።,toom waan ajaa'ibsiifate fakkaata.,General
ቶም በጣም በፍጥነት ይናገራል።,toom garmalee saffisaan dubbata.,General
አብረን እንሰራለን።,waliin hojjenna.,General
ያንን አያስፈልገዎትም።,sana si hin barbaachisu.,General
ጥቂት ጓደኞች አሉት።,hiriyyoota muraasa qaba.,General
ይህ እንዴት ይቻላል፧,kun akkamitti danda'ama?,General
ክብደት ጨምሬያለሁ።,ulfaatina qaamaa dabaleera.,General
በጣም እወድሃለሁ።,baay'een si jaalladha.,General
መተኛት አለብኝ።,rafuu qaba.,General
መቼም ተስፋ አልቆርጥም።,yoomiyyuu abdii hin kutadhu.,General
ልስምሽ እፈልጋለሁ።,si dhungachuu barbaada.,General
ዛሬ በጣም ሞቃት ነው።,har'a baayyee ho'aa jira.,General
ማንም ፍላጎት የለውም።,namni fedhii qabu hin jiru.,General
በሩ አይዘጋም።,balballi hin cufamu.,General
ሌላ መንገድ አለ።,karaan biraa jira.,General
ቶም ኢንሹራንስ የለውም።,toom inshuraansii hin qabu.,Business/Economy
ዛሬ ማታ ነው።,halkan har'aa halkan.,General
ነገ እንሄዳለን።,boru deemna.,General
ዶክተር አይደለህም።,ati doktora miti.,Health/Medical
ይህንን መኪና መጠቀም ይችላሉ።,konkolaataa kana fayyadamuu dandeessu.,General
እሱ ትንሽ ገንዘብ አለው።,maallaqa xiqqoo qaba.,Business/Economy
በቅርቡ ይመለሳል።,yeroo dhiyootti ni deebi'a.,Health/Medical
እኔ እዚህ ንግድ ላይ ነኝ።,ani hojiif as jira.,Business/Economy
ትንሽ ትኩሳት አለኝ።,ho'a qaamaa xiqqoo qaba.,Health/Medical
ስቴክ መብላት እፈልጋለሁ።,isteekii nyaachuu barbaada.,General
አደገኛ ሊሆን ይችላል።,balaa geessisuu dandaʼa.,General
ዛሬ በጣም ቀዝቃዛ ነው።,har'a baayyee qorra.,General
ዛሬ ጥሩ ቀን ነው።,har'a guyyaa gaarii dha.,General
ማንም እንዲህ አይልም።,namni akkas jedhu hin jiru.,General
ዋጋ ጉዳይ አይደለም።,gatiin dhimma miti.,Business/Economy
እሳቱ ጠፍቱዋል።,ibiddi dhaameera.,General
ሁሉም አንድ ናቸው።,hundi isaanii tokko.,General
ሁሉንም ነገር እንፈልጋለን።,waan hunda nu barbaachisa.,General
በጣም ቆንጆ ነሽ።,baayyee bareedduudha.,General
ሁላችንም ፈረንሳይኛ እንናገራለን።,hundi keenya afaan faransaayii dubbanna.,General
በእሁድ ቀን እንኳን እሰራለሁ።,wiixata illee nan hojjedha.,General
ፈረንሳይኛ መማር አለብኝ።,afaan faransaayii barachuun qaba.,Education
ላየው እፈልጋለሁ።,arguu barbaada.,General
ጥቂት ጓደኞች አሉኝ።,hiriyyoota muraasa qaba.,General
በሩ አይከፈትም።,balballi hin banamu.,General
ይህ ሆስፒታል አይደለም።,kun hospitaala miti.,Health/Medical
ቶም እርዳታ ያስፈልገዋል።,toom gargaarsa barbaada.,General
ቶም ከዳተኛ ሊሆን ይችላል።,toom gantuu ta'uu danda'a.,General
ነገ የእረፍት ቀኔ ነው።,boru guyyaa boqonnaa kooti.,General
ስራህ ምንድን ነው፧,hojiin kee maali?,General
ስራ እየፈለገ ነው።,hojii barbaadaa jira.,General
ብዙ ጓደኞች አሉኝ።,hiriyyoota baay'een qaba.,General
እግር ኳስ መጫወት እወዳለሁ።,kubbaa miilaa taphachuu nan jaalladha.,General
አሁን ያንን ማድረግ እፈልጋለሁ።,amma akkas gochuun barbaada.,General
ማግባት እፈልጋለሁ።,heerumuun barbaada.,General
በእግር መሄድ እፈልጋለሁ።,miillaan deemuun barbaada.,General
የግድ እንደዚያ አይደለም።,akkas ta'uun dirqama miti.,General
ገንዘብ ሁሉም ነገር አይደለም።,maallaqni waan hunda miti.,Business/Economy
ማንም አያምናችሁም።,namni si amanu hin jiru.,General
አንድ ሰው ስጦታ ልኮልናል።,namni tokko kennaa nuuf erge.,General
ያ ችግር ሊሆን ይችላል።,sun rakkoo ta'uu danda'a.,General
ያ በጣም የሚያምር አይደለም።,sun baayyee bareedaa miti.,General
ይህ በር አይከፈትም።,balballi kun hin banamu.,General
ይህ ማንጎ ጣፋጭ ነው።,maangoon kun mi'aawaa dha.,Agriculture
ይህ ክፍል በጣም ትልቅ ነው።,kutaan kun baayyee guddaadha.,Education
ውሻ እና ድመት አለን።,saree fi saree qabna.,General
ፍጹም ትክክል ነህ።,ati guutummaatti sirrii dha.,General
ጥንቸሎች መዋኘት ይችላሉ፧,kanniisni dambalii ni danda'aa?,General
ሁሉም ሰው ስሙን ያውቃል።,maqaa isaa hunduu ni beeka.,General
ሁሉም ሰው ይህን ማድረግ አለበት።,namni hundi akkas gochuu qaba.,General
ምንም እዳ የለብኝም።,ani homaa irraa liqii hin qabu.,Business/Economy
እናቴን መርዳት አለብኝ።,haadha koo gargaaruun qaba.,General
መተኛት አልችልም።,rafuu hin danda'u.,General
መጽሀፍ መጻፍ እፈልጋለሁ።,kitaaba barreessuu barbaada.,General
ሚስት እና ልጆች አሉኝ።,haadha manaa fi ijoollee qaba.,General
ለአንድ ሰው መንገር አለብኝ።,nama tokkotti himuun qaba.,General
ያ በጣም ጣፋጭ ነው።,sun baay'ee sitti mi'aawaadha.,General
ብዙ ውሃ አለ።,bishaan baay'eedha.,General
ምንም መፍትሄ የለም።,furmaanni hin jiru.,General
ይህ አልማዝ እውን አይደለም።,daayimandi kun dhugaa miti.,General
በሚቀጥለው ወር እንጓዛለን።,ji'a dhufu socho'aa jirra.,General
በአንድ ጊዜ መጀመር አለብን።,al tokkotti jalqabuu qabna.,General
ስራውን ትወስዳለህ፧,hojii sana ni fudhatta?,General
ድቦች በጣም አደገኛ ናቸው።,bears baayyee balaa qaba.,General
ሁሉም ሰው ደስታን ይፈልጋል።,namni hundi gammachuu barbaada.,General
ጥሩ ባል ይሆናል።,abbaa manaa gaarii ta'a.,General
ዛሬ ምን ይሰማሃል፧,har'a maaltu sitti dhaga'ama?,General
ወደ ፊልሞች እምብዛም አልሄድም።,yeroo muraasaaf fiilmii ilaala.,General
ገንዘቡን እሰጥሃለሁ።,qarshii siif kenna.,General
ኮሌጅ መሄድ እፈልጋለሁ።,kolleejjii deemuun barbaada.,Education
ወደ መካነ አራዊት መሄድ እፈልጋለሁ።,gara zoo deemuun barbaada.,General
አባቴ ማጨስ አቆመ።,abbaan koo tamboo xuuxuu dhiise.,Religion
ያ የተሳሳተ አሻራ መሆን አለበት።,sun maxxansaa dogoggoraa ta'uu qaba.,General
ጸሀይ ገና አልወጣችም።,aduun hanga ammaatti hin baane.,Religion
ይህ ጥያቄ ቀላል አይደለም።,gaaffiin kun salphaa miti.,Education
ቶም ምንም ነገር የለውም።,toom homaa hin qabu.,General
ቶም ምንም አያውቅም።,toom homaa hin beeku.,General
ያንን አደጋ መውሰድ አለብን።,balaa sana fudhachuu qabna.,General
በስራዬ ረክቻለሁ።,hojii kootti quufeera.,General
በስራ ላይ እስከ አንገቴ ድረስ ነኝ።,hojii irratti hanga morma kootti jira.,General
ምን ማድረግ እንዳለብኝ አውቃለሁ።,waan gochuu qabu nan beeka.,General
ይህንን በር መክፈት አለብኝ።,balbala kana banuun na barbaachisa.,General
ከቶም ጋር መነጋገር እፈልጋለሁ።,toomii wajjin haasa'uu barbaada.,General
ይህን በመስማቴ ደስ ብሎኛል።,kana dhaga'uu kootti gammadeera.,General
በአውቶቡስ መሄድ ርካሽ ነው።,otobusii deemuun gatii salphaadha.,General
በፈረንሳይኛ አልተጻፈም።,afaan faransaayiin hin barreeffamne.,General
አባቴ በአትክልቱ ውስጥ ነው።,abbaan koo iddoo biqiltuu keessa jira.,Religion
ማንም አይጎዳህም።,namni si miidhu hin jiru.,General
አንድ ሳጥን አሁንም ጠፍቱዋል።,sanduuqa tokko ammallee dhabameera.,General
ዝናቡ ወደ በረዶነት ተለወጠ።,roobni gara qorraatti jijjiirame.,General
ሁሉም ነገር በቁጥጥር ስር ነው።,wanti hundi to'annaa jala jira.,Agriculture
ሀሳቤን በፍጹም አልቀይርም።,yoomiyyuu yaada koo hin jijjiiru.,General
እርዳታህን እፈልጋለሁ።,gargaarsa keessan na barbaachisa.,General
ከአንድ ሰው ጋር መነጋገር አለብኝ።,nama tokko waliin haasa'uun qaba.,General
ቤት ውስጥ መቆየት አሰልቺ ነው።,mana turuun nama nuffisiisa.,General
ቶም እንደ እኔ ወጣት አይደለም።,toom akka koo dargaggeessa miti.,General
እሱ በሁሉም ሰው የተከበረ ነው።,nama hundaan kabajama.,General
በቅርቡ አባት ይሆናል።,yeroo dhiyootti abbaa ta'a.,Religion
ለጓደኞቼ አመሰግናለሁ።,hiriyyoota kootiif galata guddaa qaba.,General
ወደ ፊልሞች መሄድ እፈልጋለሁ።,fiilmii ilaaluun barbaada.,General
የተወሰነ ገንዘብ ያስፈልገኛል።,maallaqa tokko tokko na barbaachisa.,Business/Economy
ስለ አንተ እያሰብኩ ነበር።,waa'ee kee yaadaa ture.,General
በጉሮሮዬ ውስጥ እንቁራሪት አለብኝ።,qoonqoo koo keessaa hantuuta qaba.,General
ብዙ ስራ አለብኝ።,hojii baay'een qaba.,General
ወደ ስራ መመለስ አለብኝ።,hojiitti deebi'uun qaba.,General
ቶም በፍቅር ላይ ያለ ይመስላል።,toom jaalalaan waan qabame fakkaata.,Religion
ምንም ትርጉም የለውም።,hiika tokkollee hin qabu.,General
ምን ማድረግ እንዳለብን እናውቃለን።,waan gochuu qabnu ni beekna.,General
የሆነ ቦታ መጀመር አለብን።,bakka tokko irraa jalqabuu qabna.,General
ከእንግዲህ ልጅ አይደለህም።,kana booda ati daa'ima miti.,General
ለልጆቼ አመሰግናለሁ።,ijoollee kootiif galata guddaa qaba.,General
ቶም አሁንም ስራ እንደበዛበት አውቃለሁ።,toom ammallee hojiin akka itti baay'atu nan beeka.,General
የወንድ ጓደኛህ መሆን እፈልጋለሁ።,jaalallee kee ta'uu nan barbaada.,General
ይቅርታ አልገባኝም።,"dhiifama, naaf hin galle.",Religion
ሁሉም ነገር ስለ ገንዘብ አይደለም።,wanti hundi waa'ee maallaqaa miti.,Business/Economy
ለእርዳታዎ እናመሰግናለን።,gargaarsa nuuf gootaniif galatoomaa.,General
ሌላ ማብራሪያ የለም።,ibsi biraa hin jiru.,General
ቶም በግራ እጁ ይጽፋል።,toom harka bitaatiin barreessa.,Agriculture
ለመተባበር ደስተኞች እንሆናለን።,tumsuu keenyatti gammadna.,General
በህልም ውስጥ የሆንኩ ያህል ተሰማኝ።,akka waan abjuu keessa jiruutti natti dhaga'ame.,General
ቶም በፈረንሳይኛ በጣም ጥሩ አይደለም።,toom afaan faransaayii irratti baay'ee hin ga'u.,General
በዚህ ላይ እኔን ማመን አለብህ።,kana irratti na amanachuu qabda.,General
ስለሱ ምንም ጥርጥር የለኝም።,ani shakkii tokkollee hin qabu.,General
እንደገና ጓደኛሞች እንድንሆን እፈልጋለሁ።,ammas hiriyyaa akka taanu nan barbaada.,Religion
እየሞቀ እና እየሞቀ ነው።,ho'aa fi ho'aa dhufeera.,General
ይህንን ጥያቄ ማንም ሊመልስ አይችልም።,gaaffii kana eenyullee deebisuu hin danda'u.,Education
ሂሳቡ ዛሬ መከፈል አለበት።,kaffaltiin har'a kaffalamuu qaba.,General
ዶክተሩ አሁን አይገኝም።,doktarri amma hin jiru.,General
በዚህ ካሜራ ውስጥ ምንም ፊልም የለም።,kaameeraa kana keessa fiilmiin hin jiru.,General
ምንም የሚያስፈራ ነገር የለም።,wanti sodaatamu hin jiru.,General
ዛሬ ያንን ማድረግ የለብዎትም።,har'a akkas gochuun si hin barbaachisu.,General
በጣም ጥሩ ማህደረ ትውስታ አለዎት።,yaadannoo baayyee gaarii qabda.,General
በጥሩ አካላዊ ሁኔታ ላይ ነው።,haala qaamaa gaarii keessa jira.,General
ለእርዳታዎ በጣም አመስጋኝ ነኝ።,gargaarsa keessaniif baay'een galateeffadha.,General
ስለዚህ ጉዳይ የበለጠ መስማት እፈልጋለሁ።,waa'ee kanaa caalaatti dhaga'uu barbaada.,General
እንደዚያ ቀላል አይደለም።,akkasitti salphaa miti.,General
በዚህ እርጥብ የአየር ጠባይ ጠግቤያለሁ።,haala qilleensaa jiidha qabu kanaan quufeera.,General
ተጨማሪ ገንዘብ እፈልጋለሁ።,maallaqa dabalataa na barbaachisa.,Business/Economy
ከሆቴሉ ብዙም አይርቅም።,hoteela irraa fagoo miti.,General
ዛሬ ለሽርሽር በጣም ቀዝቃዛ ነው።,har'a piknikiidhaaf baay'ee qorra.,General
በድንገት ሁሉም መብራቶች ጠፉ።,akka tasaa ibsaan hundi ni dhaame.,General
ችግሩ ሊታለፍ የማይችል አይደለም።,rakkoon jiru kan hin danda'amne miti.,General
በጠረጴዛው ላይ መዝገበ-ቃላት አለ።,deeskii irratti galmee jechootaa tokkotu jira.,General
ከጸሀይ በታች ምንም አዲስ ነገር የለም።,aduu jalatti wanti haaraan hin jiru.,General
ቶም የገና ስጦታዎችን ልኮልናል።,toom kennaa ayyaana masqalaa nuuf erge.,Religion
ጭጋግ በቅርቡ እንደሚነሳ ተስፋ አደርጋለሁ።,awwaarichi yeroo dhiyootti akka ka'u abdiin qaba.,General
ቶም አሁንም ተኝቱዋል ብዬ አስባለሁ።,toom ammallee rafaa jira jedheen yaada.,General
ያንን ፊልም እንደገና ማየት እፈልጋለሁ።,fiilmii sana irra deebi'ee ilaaluun barbaada.,Religion
በአረጋውያን ዘንድ ተወዳጅ ነው።,maanguddoota biratti jaallatamaadha.,General
ውሳኔው እስካሁን አልተወሰነም።,murteen kun hanga ammaatti hin murtoofne.,Government
የበጋ እረፍት የሚጀምረው በሀምሌ ወር ነው።,boqonnaan gannaa ji'a july keessa jalqaba.,Agriculture
ቶም ማርያም ይህን ማድረግ እንዳለባት ያውቃል።,toom maariyaam akkas gochuu akka qabdu beeka.,Religion
ቶም ከእኔ የበለጠ ጠንካራ እንደሆነ ያስባል።,toom na caalaa cimaa natti fakkaata.,General
እዚህ ሁሉም ሰው ሁሉንም ያውቃል።,namni as jiru hundi nama hunda ni beeka.,General
በገና ሁሉም ሰው ቤት ይሆናል።,yeroo ayyaana masqalaa namni hundi mana ta'a.,Religion
ያ ከአሁን በኹዋላ አስፈላጊ አይደለም።,sun kana booda dhuguma barbaachisaa miti.,General
ህጉ በዚህ ጉዳይ ላይ አይተገበርም።,seerri dhimma kana irratti raawwatiinsa hin qabu.,General
ከዋክብት በሰማይ ውስጥ ብልጭ ድርግም ብለው ነበር።,urjiileen samii keessaa balaqqeessa'aa turan.,General
ለማንኛውም ነገር ዝግጁ መሆን አለብን።,waan kamiifuu qophaa'uu qabna.,General
ከአሁን በኹዋላ ትምህርት ቤት መሄድ አልፈልግም።,kana booda mana barumsaa deemuu hin barbaadu.,Education
አንድ ወንድም እና ሁለት እህቶች አሉኝ።,obboleessa tokkoo fi obboleettii lama qaba.,General
ይህን ደብዳቤ ማን እንደጻፈው ግልጽ አይደለም።,xalayaa kana eenyu akka barreesse ifa miti.,General
ይህ እድል ሊወገድ አይችልም።,carraan kun haaluun hin danda'amu.,General
ቃላቶች እውነተኛ ስሜቴን ሊያስተላልፉ አይችሉም።,jechoonni miira koo isa dhugaa dabarsuu hin danda'an.,General
ልጆቹን አይንከባከብም።,ijoollee isaa hin kunuunsu.,General
ቶም በኹዋላ ይመጣል ብዬ አስባለሁ።,toom booda ni dhufa jedheen yaada.,General
በቶም ምን እንደተፈጠረ ማወቅ እፈልጋለሁ።,toom maal akka ta'e beekuu barbaada.,General
እሱ ሙሉ በሙሉ በወላጆቹ ላይ ጥገኛ ነው።,guutummaatti warra isaa irratti hirkata.,General
እንደዚህ አይነት ባህሪ ተቀባይነት የለውም።,amalli akkasii fudhatama hin qabu.,General
ችግሩ ሊታሰብበት የሚገባ አይደለም።,rakkoon jiru ilaalcha keessa galchuu hin qabu.,General
ይህንን ለማድረግ ቀደም ብለው መነሳት አለብዎት።,kana gochuuf dursitee ka'uu qabda.,Health/Medical
ትንሽ ተጨማሪ ጊዜ እንፈልጋለን።,yeroo xiqqoo dabalataa nu barbaachisa.,General
በዚህ ጠርሙስ ውስጥ ትንሽ ውስኪ አለ።,qaruuraa kana keessa wiiskii xiqqootu jira.,General
መብራቱን ያብሩ። ምንም ማየት አልችልም።,ifa qabsiisi. homaa arguu hin danda'u.,General
በዚህ ክፍል ውስጥ ብዙ የቤት እቃዎች አሉ።,kutaa kana keessa meeshaaleen manaa baay'eedha.,Education
በተቻለ ፍጥነት እንዲያደርጉት እፈልጋለሁ።,daftee akkas akka gootu nan barbaada.,General
ወንድሜ ከእኔ በሶስት አመት ያንሳል።,obboleessi koo waggaa sadii narra xiqqaadha.,Health/Medical
ስህተት አይደለም። ሰነድ የሌለው ባህሪ ነው።,bug miti. amala galmee hin qabneedha.,General
አስቸኳይ የህክምና ቁሳቁስ ፍላጎት አለ።,meeshaaleen yaalaa hatattamaan barbaachisa.,Health/Medical
ይህንን ለማድረግ የተሻለ መንገድ መኖር አለበት።,kana gochuuf karaan fooyya'aan jiraachuu qaba.,General
ቶም ስጦታዎቹን በገና ዛፍ ስር አስቀመጠ።,toom kennaawwan sana muka ayyaana masqalaa jala kaaʼe.,Religion
በአጠቃላይ ሴቶች ከወንዶች የበለጠ ረጅም እድሜ ይኖራሉ።,walumaagalatti dubartoonni dhiirota caalaa umurii dheeraa jiraatu.,Education
ጉዳዩ በእርቅ በመፈታቱ ደስተኛ ነኝ።,dhimmichi karaa nagaa xumuramuu isaatti gammadeera.,General
ሳይንስ ሁሉንም የህይወት ችግሮች አይፈታም።,saayinsiin rakkoo jireenyaa hunda hin furu.,Education
ቶም ድመቱዋ ተመልሶ እንደማይመጣ ተጨንቆ ነበር።,toom sareen isaa gonkumaa akka hin deebine yaadda'e.,General
እኔ እስከ አስራ ሶስት አመቴ ድረስ የማደጎ መሆኔን አላውቅም ነበር።,hanga waggaa kudha sadiitti guddifachaa akkan ta'e hin beeku ture.,General
ልጆቹ በወላጆች መካከል ምን እንደሚፈጠር ይገነዘባሉ።,ijoolleen waan warra gidduutti ta'aa jiru ni hubatu.,General
ብዙ ችግሮች አሉብኝ።,Rakkoo baay'een qaba.,General
ወደ ትምህርት ቤት የምሄድበት ጊዜ አሁን ይመስለኛል።,Yeroon ani mana barumsaa itti deemuu amma natti fakkaata.,Education
ገንዘቡን በአንድ ጊዜ እንድመልስ ጠየቀኝ።,Maallaqa sana al tokkotti akkan deebisu na gaafate.,Education
መከተልህን እንድታቆም እፈልጋለሁ።,Na hordofuu kee akka dhiiftu nan barbaada.,General
ያለፈቃድ ወደ ህንጻው መግባት አይችሉም።,Hayyama malee gara gamoo sanaatti seenuu hin danda'aan.,General
ቶም በተሳሳተ መንገድ ተረድቶኛል።,Toom dogoggoraan na hubateera.,General
ፈረንሳይኛ መማር መጀመር እፈልጋለሁ።,Afaan Faransaayii barachuu jalqabuu nan barbaada.,Education
በማቀዝቀዣው ውስጥ አንዳንድ ቲማቲሞች አሉ።,Timaatima tokko tokko firijii keessa jira.,General
ደግ ልብ አላት።,Onnee arjaa qabdi.,General
ብዙ ችግሮች አሉብኝ።,Rakkoo baay'een qaba.,General
ዛሬ ቤት ውስጥ ከመቆየት ይልቅ የመውጣት ያህል ይሰማኛል።,Har'a mana keessa turuu mannaa ba'uun natti dhagahama.,General
ቶም ቦስተን ውስጥ በሚገኝ የኮምፒውተር ኩባንያ ውስጥ ይሰራል።,Toom dhaabbata kompiitaraa Booston keessatti argamu keessatti hojjeta.,Education
ሳምንታዊ ስብሰባችንን እንዳትረሳ።,Walgahii keenya torban torbaniin taasifnu akka hin daganne.,Government
ይህ ፒያኖ ምናልባት ለአመታት ተስተካክሎ አያውቅም።,Piyaanoon kun tarii waggootaaf sirraa'ee hin beeku.,General
በነገው እለት ከነሱ ጋር ያለውን ችግር እንወያያለን።,Guyyaa boruu rakkoo isaan waliin jiru ni mari'anna.,General
ቃል የገባህልኝ ይህ አይደለም።,Wanti ati waadaa naaf galte kana miti.,General
የምፈልገውን ነገር አገኛለሁ።,Waanan barbaadee nan argadha.,General
እንደ ማስዋቢያ ከላይ አንድ ያድርጉ።,Akka miishaginaatti gubbaa irratti tokko godha.,General
የቶም ባህሪ አበሳጨኝ።,Amalli Toom na aarse.,General
የእኔ የትርፍ ጊዜ ማሳለፊያ ኣሳ ማጥመድ ነው።,Hojiin bohaartii koo qurxummii qabuudha.,Agriculture
በኪስ ቦርሳየ ውስጥ ምንም ተጨማሪ ገንዘብ የለኝም።,Boorsaa xiqqoo koo keessa maallaqni dabalataan hin jiru.,Business/Economy
ይህንን ሂሳብ ዛሬ መክፈል አለብኝ።,Herrega kana har'a kaffaluun qaba.,General
ሌላ ልናደርግልህ የምንችለው ነገር አለ፧,Wanti biraa siif gochuu dandeenyu jiraa?,General
ምንም ተስፋ እንደሌለ እንደምታስብ አውቃለሁ።,Abdiin hin jiru jettee akka yaaddu nan beeka.,Health/Medical
አሁን ውጤቱን አይቻለሁ።,Bu'aa isaa ammas argeera.,General
ሁልጊዜ እዚህ መምጣት ይችላሉ።,Yeroo hunda as dhufuu dandeessa.,General
ያ በጣም ጥሩ ነጥብ ነው።,Sun qabxii baay'ee gaarii dha.,General
የመኪናህን ቀለም ወድጀዋለሁ።,Halluun konkolaataa kee jaalladheera.,General
መንገድ ላይ ወንድምህን አገኘሁት።,Obboleessa kee karaa irratti nan argadhe.,General
ሁሉንም ጭኛለሁ እና ለመሄድ ዝግጁ ነኝ።,Hunduma fe'eera akkasumas deemuuf qophaa'eera.,General
ይህንን ይንከባከቡ።,Kana kunuunsa.,General
የስድስት አመት ልጅ ይመስል አለቀሰ።,Akka waan mucaa waggaa jahaa ta'ee boo'e.,General
ምናልባት እሱ መጥፎ ሰው ላይሆን ይችላል።,Tarii inni nama hamaa ta'uu dhiisuu danda'a.,General
ሌላ መጠጥ ይፈልግ እንደሆነ ይጠይቁ።,Dhugaatii biraa yoo barbaada ta'ee isa gaafadha.,General
አንድት ሴት ከዛፍ ጀርባ ታየች።,Dubartiin tokko muka duuba irraa mul'atte.,Agriculture
እንደዚህ አይነት አደገኛ ቦታ መሄድ አልነበረብህም።,Bakka balaa qabu akkasii deemuun sirra hin turre.,General
ከአንተ የሚጠበቀው የእኔን ትእዛዝ ማክበር ነው።,Wanti sirraa egamuu ajaja koo kabajudha.,General
አዛውንቱ አብዛኛውን ጊዜያቸውን ያሳለፉት የወጣትነት ዘመናቸውን ወደ ኋላ በመመልከት ነው።,Jaarsi kun yeroo isaa harka caalu dargaggummaa isaa of duuba ilaaluun dabarseera.,General
ሪሞት ስጠኝ፥፥,Rimootii naaf kenni.,Religion
ክሬኑን በጣም ቀጥ ማድረግ አለብወት።,Kireeniicha baay'ee qajeelaa gochuu qabdu.,General
ቴኒስ መጫወት እፈልጋለሁ።,Teenisiin taphachuu nan barbaada.,General
ሁሉም ነገር በቁጥጥር ስር ያለ ይመስለኛል።,Wanti hundii to'annaa jala waan jiru natti fakkaata.,Agriculture
ያንን አይቻለሁ።,Sana argeera.,General
ይህ አደገኛ ነው።,Kun balaa qaba.,General
እነሱ ይረዱናል።,Isaan nu hubatu.,General
በሰውነቱ ያፍራል።,Qaama isaatiin ni qaana'a.,General
ቤት ሄጀ ትንሽ መተኛት አለብኝ።,Manatti deebi'ee hirriba xiqqoo rafuun qaba.,General
ይህ የተሳሳተ ቁልፍ ነው ብየ አስባለሁ።,Kun furtuu dogoggoraati jedheen yaada.,General
ያለፈ ውድቀቶችህ ላይ አታስብ።,Kufaatii kee darbe irratti hin xiyyeeffatin.,General
በጊዜ ሂደት የእንጨት በሮች ሊወዛወዙ ወይም ሊያብጡ ስለሚችሉ በሩ ለመዝጋት አስቸጋሪ ያደርገዋል።,Yeroo booda balbaloonni mukaa sosocho'uu yookiin dhiita'uu waan danda'aniif balballi sun cufamuun rakkisaa ta'a.,General
እስከመቸ ነው የምንኖረው፧,Hanga yoomiitti jiraannaa?,General
እንድረዳኝ መፍቀድ አለብህ።,Akka na gargaaru hayyamuu qabda.,General
የትናንቱን የቤት ስራ ሰርተሃል፧,Hojii manaa kaleessaa hojjettettaa?,General
ይቅርታ አድርግልኝ፣ ግን ምንም አይነት እርዳታ ትፈልጋለህ፧,Dhiifama naaf godhi garuu gargaarsa akkamii barbaaddaa?,Religion
ያንን ማበላሸት አልፈልግም።,Sana balleessuu hin barbaadu.,General
ስጦታ እንድመርጥ ፈቀዱልኝ።,Kennaa akkan fudhadhu naaf hayyaman.,General
አረንጓደ ከቀይ ጋር አይሄድም።,Magariisni diimaa waliin hin deemu.,General
ወላጆችህ የገንዘብ ድጋፍ ሊሰጡህ ፈቃደኞች ሲሆኑ ለትምህርትህ ወጭ ራስህ ለመክፈል ለምን ትጥራለህ፧,"Warri kee deeggarsa maallaqaa siif kennuudhaaf fedhii yeroo qabaatan, baasii mana barumsaa keetii ofuma keetii kaffaluuf maaliif cimtaa?",Education
እኛ በእርግጥ ያንን እንፈልጋለን፧,Nuuti dhuguma sanas barbaanna?,General
መምህሩ እኔ በማላውቀው ቋንቋ ጥቁር ሰሌዳ ላይ የሆነ ነገር ጻፈ።,Barsiisichii afaan ani hin beekneen gabatee gurraacha irratti waan ta'ee barreesse.,Education
ዛሬ ማታ የምተኛበት ቦታ የለኝም።,Halkan kana bakkan itti ciisu hin qabu.,General
እንኳን ደስ ያለህ ለማለት እወዳለሁ።,Baga gammaddee jechuun barbaada.,General
እንደገና እንዳንታለል።,Ammas akka hin gowwoomfamne.,Religion
ቶም እንድረዳኝ አልፈልግም።,Toom akka na gargaaru hin barbaadu.,General
በበረዶ መንሸራተት እግሬን ሰበረሁ።,Cabbiidhaan mucucaachuun miila koo nan cabse.,General
ሁሉም ነገር በጣም ውድ ነው።,Wanti hundinuu baay'ee qaala'aa dha.,General
ነጭ ልብስ የለበሱት እነማን ናቸው፧,Warri uffata adii uffatan eenyuu fa'i?,General
ቶምን ያጣን ይመስለኛል።,Toomiin waan dhabne natti fakkaata.,General
ትንሽ ገንዘብ መቀየር እፈልጋለሁ።,Maallaqa xiqqoo jijjiiruu nan barbaada.,Business/Economy
እባክወን ሜኑ አምጡልኝ።,Maaloo tarree nyaataa naaf fidaa.,General
እርዳታ ከፈለጉ ጻፉልኝ።,Gargaarsa yoo barbaaddan naaf barreessaa.,General
ለሶስት ቀናት በረሃ ውስጥ መንከራተት ነበረብኝ።,Guyyoota sadiif gammoojjii keessa naanna'uun narra ture.,General
ይህ የእኔ እርሳስ ነው።,Kun qubeessaa kooti.,Education
እንድህ አልክ።,Ati akkas jette.,General
በተሳለ ቢላዋ እራሴን ጎዳሁ።,Haaduu qara qabuun ofan miidhe.,General
ያ ድንጋይ ከሩቅ ሆኖ የሰው ፊት ይመስላል።,Fagoorra ta'ee dhagaan sun fuula namaa fakkaata.,General
ስልኩን ዝጋው።,Bilbila cufi.,General
ቶም በምግብ መመረዝ ሞተ።,Toom summaa'uu nyaataan du'e.,General
ቶም ሚስቱ ከሞተች በኋላ ብቻውን ኖሯል።,Toom erga haati warraa isaa duutee booda kophaa isaa jiraateera.,General
ከዚህ በላይ መስማማት አልቻልኩም።,Kana caalaa walii galuu hin dandeenye.,General
ቀኑን ሙሉ እየገዛሁ ነው።,Guyyaa guutuu bitaan jira.,General
ዛሬ እራሷ አይደለችም።,Har'a ofii ishee miti.,General
ዶክተሩ ብዙ እንዳልበላ መከረኝ።,Doktarichi akkan baay'ee hin nyaanne na gorse.,General
ብዙ አሶች ሞቱ።,Qurxummiiwwan hedduun du'an.,General
ቶም ማርያም እንድትሳተፍ አይፈልግም።,Toom Maariyaam akka hirmaattu hin barbaadu.,Religion
ይህ ላስቲክ ዛሬ ጠዋት ኪሴ ውስጥ ሳደርገው ይጠቅማል ብየ አስቤ አላውቅም።,Laastika kun ganama kana yeroon kiisha koo keessa kaa'u na gargaara jedhee yaadee hin beeku.,General
ነገ ልሞት እችላለሁ።,Boru du'uu nan danda'a.,Religion
ሃይቁ እዚህ ጥልቅ ነው።,Haroon kun asitti gadi fagoodha.,General
ብዙ እርዳታ እንፈልጋለን።,Gargaarsa hedduu nu barbaadna.,General
ብዙም ጊዜ እዚያ አልደረስንም።,Yeroo baay'ees achi hin geenye.,General
ባለፈው ክረምት በቦስተን እንደነበሩ አውቃለሁ።,Ganna darbe Boston keessa akka turan nan beeka.,Agriculture
ቶም ቡድኑ ጨዋታውን እንደሚያሸንፍ ይሰማዋል።,Toom gareen isaa taphicha akka injifatu itti dhagahama.,General
የተሰበረ እጅ አለኝ።,Harka cabe nan qaba.,General
ታድያ ምን ይሆናል፧,Edaa maal ta'a?,General
ጋዝ ወይም ኤሌክትሪክ ተጠቅመው ያበስላሉ፧,Gaazii yookiin humna eleektiriikaatti fayyadamtanii ni bilcheessituu?,General
ቶም አባቱን አያውቅም።,Toom abbaa isaa hin beeku.,Religion
በጎ ፈቃደኞች ሁል ጊዜ እንኳን ደህና መጡ።,Tola ooltonni yeroo hunda baga nagaan dhuftan.,General
ማነው ተሸናፊው፧,Kan mo'ame eenyu?,General
መስራት አልቻልኩም።,Hojjechuu hin dandeenye.,General
ለቶም መጽሃፍ እገዛለሁ።,Toomiif kitaaba nan bita.,Education
መቅረብ እንችላለን፧,Itti dhihaachuu dandeenyaa?,General
ይህንን በተመዘገበ ፖስታ መላክ እፈልጋለሁ።,Poostaa galmaa'ee kana erguu nan barbaada.,Religion
ሮናልድ ሬገን በ1911 ታምፒኮ በምትባል ትንሽ ከተማ ኢሊኖይ ተወለደ።,"Roonaald Reegan bara 1911 magaalaa xiqqoo Taampikoo, Ellinooy keessatti dhalate.",General
ቶም በክፍላችን ውስጥ በጣም ብልህ ነው።,Toom kutaa keenya keessatti nama hunda caalaa qaroodha.,General
አንድ ሰከንድ ትጠብቃለህ፧,Sekondii tokko ni eegdaa?,General
ጥቂት ልጃገረዶች ለትምህርት ዘግይተው ነበር።,Shamarran muraasa mana barumsaatti harkifatani turan.,Education
ሳምንቱን ሙሉ በማጥናት አልፈዋል።,Torban guutuu qo'achuun darbaniiru.,Education
ከተጋባን ሰባት አመት ሆኖናል።,Erga wal fuunee waggaa torba ta'eera.,General
አንድ ጥንድ ቀይ ጫማ አለኝ።,Kophee ciimdi diimaa tokkon qaba.,General
መልክውን አልወድም።,Bifa isaa hin jaalladhu.,General
ይህን ማድረግ ማቆም የምትችል ይመስልሃል፧,Kana gochuu dhiisuu waan dandeessuu sitti fakkaataa?,General
"ኬክ ይወዳሉ፧ ""አወ እፈጽማለሁ።""","Keekii ni jaallattuu? ""Eeyyee, nan raawwadha.""",General
ቶም ፊቱ ላይ ፈገግታ ነበረው።,Toom fuula isaa irratti kolfa qaba ture.,General
ሂሳቡ ዛሬ መከፈል አለበት።,Herregiichi har'a kaffalamuu qaba.,General
ቤት ውስጥ በባዶ እግሬ መሄድ እመርጣለሁ።,Miila qullaa mana keessa deemuu nan filadha.,General
በግደለሽነት በማሽከርከር ፍቃዱ ተወስዷል።,Of eeggannoo malee konkolaachisuun hayyamni isaa jalaa fudhatameera.,Agriculture
እንደኔ አይደለሽም።,Ati akka koo miti.,General
ያንን ሸሚዝ ይሞክሩ።,Shamiizii sana yaalaa.,General
ጮክ ብየ እያሰብኩ ነው።,Sagalee koo ol kaasee yaadaan jira.,General
የመጀመሪያውን እርምጃ ለመውሰድ ፈቃደኛ መሆን አለብን።,Tarkaanfii jalqabaa fudhachuuf fedhii qabaachuu qabna.,Government
ቶም ጥሩ ስራ የሰራ መስሎኝ ነበር።,Toom hojii gaarii waan hojjete natti fakkaate ture.,General
ስምህን ጠቅሶልኛል።,Maqaa kee naaf caqaseera.,General
የበለጠ ማውራት ፈልጌ ነበር፣ ግን ዝም ብላ ስልኩን ዘጋችኝ።,"Caalatti haasa'uu barbaadeen ture, garuu calliistee bilbila natti cufte.",General
ቡና ቤት ለስብሰባ ተሰበሰቡ።,Walgahiidhaaf mana bunaatti walitti qabaman.,Government
ማድረግ ስህተት ነው፧,Gochuun dogoggoraa?,General
"እነዚህ የማን መነጽር ናቸው፧ ""የነቢል ናቸው።""","Golgituun ijaa kun kan eenyuuti? ""Isaan kan Nabil dha.""",General
በጥቅሻ ተኛሁ።,Laphii ijaanan rafe.,General
ለምንድነው በጣም የተናደዱት፧,Maaliif baay'ee aartan?,General
የሆነ ነገር እዚህ የተውኩ ይመስለኛል።,Wanta ta'ee waanan as dhiisee natti fakkaata.,General
ፊት ለፊት ተቀመጥን።,Fuuldura teenye.,General
ቶም ጠንቋይ እንደሆነ አውቃለሁ።,Toom falfalaa akka ta'e nan beeka.,General
ልምድ የምንፈልገውን ሳናገኝ የምናገኘው ነው።,Muuxannoon waan barbaannu yeroo hin arganne waan argannudha.,General
ብዙ ፊልሞችን እመለከታለሁ።,Fiilmii baay'ee nan ilaala.,General
ቶም ብዙ ገንዘብ አልነበረውም።,Toom qarshii baay'ee hin qabu ture.,Business/Economy
ይህ ለእርስወ አይደለም።,Kun isiniif miti.,General
ውጤቶቹ ጥሩ ናቸው።,Bu'aawwan isaa gaarii dha.,General
በዚህ በጣም ጓጉተናል።,Kanattii baay'ee hawwineerra.,General
አንድ ዶላር ተቀጣሁ።,Doolaara tokkoon adabame.,Business/Economy
ያንን እስካሁን አናውቅም።,Sana hanga ammaatti hin beeknu.,General
በአይን ጥቅሻ ተወ።,Innis laphsuu ijaatiin ni dhiise.,General
ማጠቢያ ገንዳውን የምታስተካክል መስሎኝ ነበር።,Sinqii ittiin dhiiqan waan sirreessituu natti fakkaatee ture.,General
ኮምፒውተሬ እንግዳ ነገር ነው።,Kompiitarri koo waan haaraadha.,General
አላስፈላጊ አደጋወችን አላደርግም።,Balaawwan hin barbaachifne hin raawwadhu.,General
ለማሸነፍ ተስፋ ነበራችሁ፣ አይደል፧,Injifachuuf abdii qabduu turtan mitii?,General
የአውቶቡስ ሹፌር ሰክሮ ነበር።,Konkolaachisaan otobusii machaa'ee ture.,General
ጌጣጌጥ ትሸጣለህ፧,Faaya ni gurgurtaa?,General
የምሬን ነው።,Dhugaa kooti.,General
በዚህ ላይ አናተኩርም።,Kana irratti hin xiyyeeffannu.,General
የቡድናችን ምርጥ ተጫዋች ነው።,Taphataa gaarii gaaree keenyaati.,General
መረቡን አስተካክሏል።,Kiyyoo isaa sirreesseera.,General
ጣቢያው ላይ እንድወስዳት ጠየቀችኝ።,Buufaticha irraa akkan ishee fudhadhu na gaafatte.,General
በዚያን ጊዜ ከእህቷ ጋር ትጫወት ነበር።,Achiitti obboleettii ishee waliin taphachaa turte.,General
ለዛ በእውነት ቶምን ልትወቅስ አትችልም።,Sanaaf dhuguma Toomiin komachuu hin dandeessu.,Religion
ሂሳብ ሹሙ መጽሃፎቹን አብሰለላቸው።,Herreegaan sun kitaabota isaaniif bilcheesse.,General
እንደምናውቀው ይህ የአለም መጨረሻ ነው።,Kun dhuma addunyaa akka nuti beeknutti.,Health/Medical
መምህሩ ለጠየቅናቸው ጥያቄወች ሁሉ መልስ ይሰጣል።,Barsiisichi gaaffii nuti gaafannu hundaaf deebii kenna.,Education
ቤቷ ከጣቢያው አጠገብ አለ፧,Manni ishee bukkee buufata sanaa jiraa?,General
በምርመራ ላይ ነህ።,Qorannoorra jirta.,Government
ለእኔ በጣም አስፈላጊ ሰው ነህ።,Ati anaaf nama baay'ee barbaachisaa dha.,General
ለምን እንደመጣሁ እንኳን አታውቅም።,Maaliif akkandhufellee hin beektu.,General
የት እንደሚኖር አውቃለሁ።,Eessa akka jiraatu nan beeka.,General
ረጅም ነበር።,Dheeraa ture.,General
ነገ ማታ እደውልልሃለሁ።,Boru galgala siifan bilbila.,Business/Economy
ያ ትክክል ነው፧,Sun sirriidhaa?,General
ቶም ብዙ ያስነጥሳል።,Toom baay'ee haxxiffata.,Health/Medical
ከየትኛው ወገን መሆንህ ምንም ለውጥ አያመጣም።,Gama kamiinu ta'uun kee jijjirama homaa hin fidu.,General
ቶም አይኑን ከማርያም ላይ ማንሳት አልቻለም።,Toom ija isaa Maariyaam irraa kaasuu hin dandeenye.,Religion
ይህን ሳጥን እንደት እንደሚከፍት ታውቃለህ፧,Saanduqni kun akkamiitti akka banamuu ni beektaa?,General
ስፔንን ለመጀመሪያ ጊዜ ስጎበኝ ሁሉም ነገር አስደሳች ነበር።,Yeroon yeroo jalqabaaf Ispeen daawwadhu wanti hundi na gammachiisa ture.,Government
ይህን ማድረግ የሚችሉት በአስራወቹ እድሜ ውስጥ የሚገኙ ወጣቶች ብቻ ናቸው።,Kana gochuu kan dandaʼu dargaggoota umrii kurnanii keessa jiran qofadha.,General
ጥቂት ደንበኞች አሁን ወደ መደብሩ ገብተዋል።,Maamiltoonni muraasni reefuu mana daldalaa sana keessa seenaniiru.,Agriculture
በልጅነቱ ወደ ጃፓን መጣ።,Ijoollummaa isaatti gara Jaappaan dhufe.,General
ቀኑን ሙሉ የለንም።,Guyyaa guutuu hin jirru.,General
ከሌሎች ሰወች ጋር መገናኘት እንደማትችል ይሰማወታል፧,Namoota biroo wajjin wal qunnamuu akka hin dandeenye sitti dhagahama?,Religion
ጽሁፉን ከመጽሄቱ ቆርጨዋለሁ።,Barreeffama sana barruu sana keessaa kuteera.,General
አሁን ወጥቷል።,Amma bahee jira.,General
ቶምን ያስፈራው ነገር አለ።,Wanti Toom sodaachise jira.,General
ሁሉም ሌቦች ናቸው።,Hundi isaanii hattuudha.,General
ቢሮ ውስጥ አብሮኝ ይሰራል።,Waajjira keessatti na waliin hojjeta.,Government
መልሸ ልደውልልህ ነው።,Deebisee siif bilbiluufan deema.,Business/Economy
ሌሎች እቅዶችን በምንሰራበት ጊዜ ህይወት በእኛ ላይ የሚያደርሰው ነገር ነው።,Yeroo karoorawwan biroo hojjannuutti wanta jireenyi nurratti qaqabsiisuudha.,General
አሁን ፕሮሞሽን አገኘሁ።,Amma beeksiisa nan argadhe.,General
ጎበዝ እንደሆንክ አውቃለሁ።,Akka ati cimaa taate nan beeka.,General
ማርያም እናቷን ትመስላለች፣ ነገር ግን ባህሪዋ የተለየ ነው።,"Maariyaam haadha ishee fakkaatti, garuu amalli ishee addadha.",Religion
መሞኘት አቁም።,Gowwoomsuu dhiisi.,General
እግር ኳስ መጫወት እወዳለሁ።,Kubbaa miilaa taphachuu nan jaalladha.,General
ታላቅ የጦር መሪ መሆን ፈለገ።,Hogganaa waraanaa guddaa ta'uu barbaade.,Government
የተራራው ጫፍ ደረስኩበት።,Fiixee gaara sanaa ga'uu danda'eera.,General
ዛሬ ለመስራት ፍላጎት የለኝም ስለዚህ እግር ኳስ እንጫወት።,"Har'a hojjechuuf feedhii hin qabu, kanaaf kubbaa miilaa haa taphannu.",General
ቶም ሁሉንም መስኮቶች ዘግቷል።,Toom foddaawwan hunda cufeera.,General
የካቶሊክ ቤተ ክርስቲያን ፍችን ትቃወማለች።,Waldaan Kaatolikii wal hiikuu mormiti.,Religion
አላስታውስም ግን ባደርግ እመኛለሁ።,"Hin yaadadhu, garuu osoon godhee nan hawwa.",General
ይህንን ማወቅ ነበረብኝ።,Silaa kana beekuun qaba ture.,General
ውጭ ምሳ እንብላ።,Ala laaqana haa nyaannu.,Agriculture
"ይህን ስልክ መጠቀም እችላለሁ፧ ""ቀጥልበት።""","Bilbila kana fayyadamuu nan danda'aa? ""Itti fufi.""",General
ከአደጋው የተረፉት መንገደኞች በጣም ጥቂት ናቸው።,Imaltoonni balaa kanarraa hafan baay'ee muraasadha.,General
ስሎዝ ቅጠሎችን ይበላሉ።,Sloths baaloota ni nyaatu.,General
አንተ እንደሆንክ አውቃለሁ።,Ati akka taate nan beeka.,General
መቸ ነው የተገነባው፧,Yoomiidha kan ijaarame?,General
ማስረዳት እችላለሁ።,Ibsuu nan danda'a.,General
ቤተክርስቲያን ውስጥ ከጎኔ ተቀመጠች።,Mana kiristaanaa keessatti na cinaa teesse.,Religion
ወደዳት፧,Ishee jaallatee?,General
ገንዘቡን ያዝኩት።,Maallaqa sana nan qabe.,General
ችግር አይሆንም ብየ አስባለሁ።,Rakkoo hin ta'u jedheen yaada.,General
ከእርስወ ቦታ በጣም ሩቅ ነው፧,Bakka keessan irraa baay'ee fagoodhaa?,General
የእሱ ሁኔታ በየቀኑ እየባሰ ሄደ።,Haalli isaa guyyaa guyyaan hammaachaa deeme.,General
ከእርስወ ጋር አሳ ለማጥመድ ብሄድ ደስ ይለኛል።,Isi waliin qurxummii qabuu osoon deeme natti tola.,General
ለአደጋ ተጋልጧል።,Balaadhaaf saaxilameera.,General
እዚያ ብዙም አልቆየሁም።,Achii baay'ees hin turre.,General
በጣም ደስተኛ ነህ።,Baay'ee gammaddee jirta.,General
ከምትፈልገው በላይ ገንዘብ አትያዝ።,Maallaqa si barbaachisu caala hin qabatin.,Business/Economy
ቶም ከማርያም በጣም አጭር ነው።,Toom Maariyaam caalaa baay'ee gabaabaa dha.,Religion
በቶም ነገሮች እንደት እየሄዱ ነው፧,Toomiin wantoonni akkam deemaa jiraa?,General
ምን ይመስል ነበር፧,Maal fakkaata ture?,General
የስኳር በሽታ እንዳለብህ ታውቃለህ፧,Dhukkuba sukkaaraa qabaachuu kee ni beektaa?,Health/Medical
ተማሪ አይደለህም።,Ati barataa miti.,Education
ሃብቱን ሁሉ ሊያጣ ቻለ።,Qabeenya isaa hunda dhabuu danda'e.,General
እፈርምበታለሁ።,Irratti nan mallatteessa.,General
እረፍት የምወስድበት ጊዜ ነው።,Yeroon boqonnaa itti fudhadhu ammadha.,Education
አደጋው የደረሰው በግደለሽነቱ ነው።,Balaan kun kan gahee of eeggannoo dhabuu isaa irraa kan ka'e dha.,Agriculture
ስኳር እወዳለሁ።,Sukkaara nan jaalladha.,General
እያላብክ ነበር።,Dafqaa turte.,General
ተጨማሪ ሻይ ይፈልጋሉ፧,Shaayii dabalataa ni barbaadduu?,Agriculture
ከፍተኛ ተነሳሽነት አለኝ።,Ani kaka'umsa olaanaa nan qaba.,General
እባክወ ይርዱኝ።,Maaloo na gargaaraa.,General
የእጅ ምልክት ማድረግ ብቻ ነው የፈለግኩት።,Mallattoo harkaa gochuu qofan barbaade.,Health/Medical
ይህ አረፍተ ነገር ገና አልተተረጎመም።,Himni kun hanga ammaatti hin hiikamne.,Religion
ሰልፉ የተመራው በሰራዊት ባንድ ነበር።,Hiriirri kun baandii waraanaatiin kan hoogganame ture.,Government
ሊያናግረኝ ፈራ።,Na haasofsiisuu sodaate.,General
ፈተናው በጣም ከባድ ነበር።,Qormaanni baay'ee ulfaataa ture.,Education
ስለዚህ ሹራብ ምን ያስባሉ፧,Waa'ee shurraaba kanaa maal yaadduu?,General
በአሜሪካ ፖለቲካ ውስጥ ትኩስ ፊት ነበር።,Siyaasa Ameerikaa keessatti fuula ho'aa ture.,Government
አባል ሊኖረን ነው።,Miseensa qabaachuuf jirra.,Religion
ቶም ማርያምን ያውቃል ወይ ብየ ጠየቅኩት።,Toom Maariyaamiin ni beekaa jedheen isa gaafadhe.,Religion
ማንም ሰው ለቶም ትኩረት አይሰጥም።,Namni kamiyyuu Toomiif xiyyeeffannaa hin kennu.,General
ዛሬ ማታ ለመውጣት ልጨነቅ አልችልም።,Halkan kana ba'uuf dhiphachuu hin danda'u.,General
በሌላ አቅጣጫ እመለከተዋለሁ።,Kallattii biraatiin nan ilaala.,General
ምሳዋን በላች።,Laaqana ishee nyaatte.,General
ቶም አይፓድ አይፈልግም። ፍላሽ የሚደግፍ ተንቀሳቃሽ መሳሪያ ይፈልጋል።,Toom iPad hin barbaadu. Meeshaa socho'aa Flaashii deeggaru barbaada.,General
አሁን ሻወር ወስጃለሁ።,Amma qaama kiyya dhiqadheera.,General
ቶም አስከፊ ነው።,Toom hamaadha.,General
ሁሉም ሰው የተወጠረ ይመስላል።,Namni hundi waan dhiphate fakkaata.,General
ቶም ምሽቱን ሙሉ በስልክ አሳልፏል።,Toom galgala guutuu bilbilaan dabarseera.,Health/Medical
አባቴ ቻይና ሄዷል።,Abbaan koo Chaayinaa dhaqee jira.,Religion
ስንት ሰአት አለህ፧,Sa'aatii meeqa qabda?,General
እየመገብኩ ነው።,Nyaachisaan jira.,General
ታጋሽ ነን።,Obsa qabna.,General
ከእህቷ ጋር ግራ አጋባኋት።,Obboleettii ishee waliin nan ishee burjaajeesse.,General
እዚህ ፈረንሳይኛ ይነገራል።,Afaan Faransaayii asitti dubbatama.,General
እባክህ ደውልለት።,Maaloo isaaf bilbili.,Business/Economy
ወደ ጠረጴዛው ተመለስ እና ተቀመጥ።,Gara minjaalaatti deebi'ii taa'i.,General
ዛፉ መንገዱን ዘጋው።,Mukti kun karaa cufe.,General
መምህራን ከተማሪወቻቸው ጋር ፍትሃዊ በሆነ መንገድ መያዝ አለባቸው።,Barsiisonni barattoota isaanii wajjin haala haqa qabeessa ta'een qabamuu qabu.,Education
መመለስ ያለብን ይመስለኛል።,Deebi'uu waan qabnu natti fakkaata.,General
ታሪክህን ወድጀዋለሁ።,Seenaan kee natti toleera.,Education
ያሸንፋሉ ብየ አልጠብቅም።,Ni injifatuu jedhee hin eegu.,General
ገዳይ ሊሆን ይችላል።,Kan ajjeessuu ta'uu danda'a.,General
ከዚህ በኋላ ምን ማድረግ እንዳለብኝ አላውቅም።,Kana booda maal akkan gochuu qabu hin beeku.,General
ትናንት ምሽት በሰላም አረፈች።,Halkan edaa nagaan boqotte.,Government
ቶም ጡንቻማ አካል አለው።,Toom qaama maashaalee qabu qaba.,General
ቶሎ ተመለሰ።,Dafee deebi'e.,General
ቶም አምፖሉን ፈታው።,Toom ampuulii sana hiike.,General
ውጤቶቹ ይፋ እንደወጡ አሳውቃችኋለሁ።,Akkuma bu'aan isaa ummataaf ifa ta'een isinan beeksisa.,General
በአንጻራዊነት ቀላል ነው።,Yeroo walbiira qabamuu salphaadha.,General
ያ ከሰማሁት ሁሉ የማይረባ ሃሳብ ነው።,Sun kanan aani dhagahee hunda keessa yaada faayidaa hin qabneedha.,General
ማጨስን እንድያቆም መከረችው እሱ ግን አልሰማትም።,"Tamboo xuuxuu akka dhiisu isa gorsite, inni garuu ishee hin dhaggeenye.",General
ቤተሰቧ በጣም ትልቅ ነው።,Maatiin ishee baay'ee guddaadha.,General
"ቶምን ታውቃለህ፧ ""እኔ አላምንም።""","Toom beektaa? ""Ani hin amanu.""",Agriculture
በዚህ አመት ዱባ ተክለዋል፧,Bara kana dabaaqula dhaabaniiru?,General
እውነት ነው ቶም ማንበብና መጻፍ አይችልም፧,Dhugaadha dubbisuu fi barreessuu hin danda'uu?,Religion
ሁኔታው ተለዋዋጭ ይመስላል።,Haalli jiru jijjiiramaa fakkaata.,General
ከሁሉ የተሻለው የጀግንነት ክፍል ነው።,kutaa gootummaa isa hundarra caaludha.,Education
አታጋንኑ።,Garmalee hin dubbatinaa.,General
ቶም ታማኝ ነው።,Toom amanamaa dha.,General
ትንሽ ተወሰድኩኝ።,Xiqqoo nan gowwoome.,General
ብዙ ችግሮች አሉብኝ።,Rakkoo baay'een qaba.,General
የቫን ጎግ ስራወችን መሰለ።,Hojiiwwan Vaan Goog fakkaate.,General
ስብሰባው እንድራዘም ሃሳብ አቀረብኩ።,Walgahiichi sana yeroo biraatti akka darbu yaada nan dhiheesse.,Government
የንስር ክንፎች ከአንድ ሜትር በላይ ናቸው።,Baalleen joobiraa meetira tokkoo dheerata.,General
ቤት እሰጥሃለሁ።,Mana siifan kenna.,General
እንድትገባ ከጎን ቆመ።,Akka isheen seentu cinaatti dhaabbate.,General
አስፈላጊ ክህሎቶች አሉወት።,Dandeettiiwwan barbaachisoo qabda.,General
የቶም ትክክለኛ ስም ማን ነው፧,Maqaan sirrii Toom eenyuudha?,General
ቶም እነሱ ከሚያስቡት በላይ በጣም ብልህ ነው።,Toom waan ati yaadan caalaa baay'ee qaroodha.,General
ቤቴን ለመሳል ምን ያህል ጊዜ የሚወስድ ይመስልወታል፧,Mana koo kaasuuf yeroo hammamii kan fudhatuu isiniitti fakkaataa?,Health/Medical
ቶም እውነቱን አወቀ።,Toom dhugaa jiru bare.,General
በፍጹም! ካሜራየን ረሳሁት።,Gonkuma! Kaameeraa koo nan dagadhe.,General
የእኔ እርሳስ የት ነው፧,Qubeessaan koo eessa jira?,Education
በጣም አደንቃለሁ።,Baay'een dinqisiifadha.,Agriculture
ለማህበረሰብ አገልግሎት ተፈርዶበታል።,Tajaajila hawaasaaf irratti murtaa'eera.,General
ቢላየ ጠርዙን አጥቷል።,Haaduun koo qarqara isaa dhabeera.,General
አሜሪካ ብዙውን ጊዜ እንደ መቅለጥ ድስት ትጠቀሳለች።,Ameerikaan yeroo baay'ee akka qodaa baqfamtutti eeramti.,General
ጁፒተር ፕላኔት ነው።,Juupitaar pilaaneetiidha.,General
የውድቀታችን ምክንያቶች የሚከተሉት ናቸው።,Sababoonni kufaatii keenyaa kanneen armaan gadiiti.,General
ከፈለግክ የተወሰነ ገንዘብ ላበድርህ እችላለሁ።,Yoo feete qarshii muraasa siif liqeessuu nan danda'a.,Business/Economy
ከእርስወ ሌላ ሁሉም ድርሰቶች ጥሩ ነበሩ።,"Barreeffamoonni hundi, kan keessaniin alatti, gaarii turan.",General
በመንገድ ላይ መጫወት አደገኛ ነው።,Daandii irratti taphachuun balaa qaba.,General
ፋብሪካወች ከምንጊዜውም በላይ እያመረቱ ነበር።,Warshaaleen yeroo kamiyyuu caalaa oomishaa turan.,Business/Economy
ቶም የጋብቻ ቀለበቱን አውልቆ ወደ ኩሬው ወረወረው።,Toom qubeellaa cidhaa isaa ofirraa baasee gara bishaan kuufamaa sanatti darbate.,Business/Economy
ቶም እና ማርያም እርስ በርሳቸው ተያዩ፣ እና በድንገት መሳሳም ጀመሩ።,"Toomii fi Maariyaam wal ilaalan, achiis akka tasaa wal dhungachuu jalqaban.",Religion
ይህ ጥንድ ጫማ ለረጅም ጊዜ እንደሚቆይ አስብ ነበር።,Kopheen kun yeroo dheeraaf akka turu nan yaadaan ture.,General
በተቻለ ፍጥነት ሮጥኩ።,Hamma danda'ametti saffisaan nan fiige.,General
ይህ ክዳን ለመክፈት በጣም ጥብቅ ነው።,Qadaaddoon kun banuuf baay'ee jabaataadha.,General
የአሳማ ስጋ ወይም የበሬ ስጋ ይፈልጋሉ፧,Foon loonii rookiin foon booyyee ni barbaaddaa?,Agriculture
ማንም አልጠየቀህም።,Namni si gaafate hin jiru.,General
ቀኑን አሸንፈዋል።,Guyyaa sana injifataniiru.,General
እርስወ እንደሚያውቁት ጽናት ለስኬት ቁልፍ ነው።,Akkuma isin beektaniitti ciminni furtuu milkaa'inaati.,General
አፍንጫየን ሰበረ።,Fuunyaan koo cabsite.,General
ወደ ውሃው ዘለው ገቡ።,Bishaan keessa utaalanii seenan.,General
ለምን አልሰራም፧,Maaliif hin hojjenne?,General
አጭር ማብራሪያ እፈልጋለሁ።,Ibsa gabaabaa nan barbaada.,General
የመዋኛ ገንዳወን ለመሙላት ምን ያህል ውሃ ያስፈልጋል፧,Puullii daakuu keessan guutuuf bishaan hammamtuu barbaachisa?,General
ይህ ለእርስወ ምን ያህል ከባድ እንደሆነ አውቃለሁ።,Kun isiniif hamman ulfaataa akka ta'ee nan beeka.,General
ያ ሰው የሚያውቀው ይመስላል።,Namichi sun waan beekuu fakkaata.,General
ወደ ኋላ አልተመለስኩም።,Gara duubatti hin deebine.,General
እዚህ መሆን እንዳለብህ እጠላለሁ።,As ta'uu akka qabdu nan jibba.,General
ከዚህ በኋላ ምንም ችግር የለውም።,Kana booda homaa rakkoo hin qabu.,General
የገባሁትን ቃል ባለመፈጸሜ አዝናለሁ።,Waadaa koo eegu dhabuu kootiif nan gadda.,General
ቶም በህይወት አለ፧,Toom lubbuun jiraa?,General
ጥሩ ስሜት አይሰማኝም። ወደ ቤት መሄድ አለብኝ።,Miirri gaariin natti hin dhaga'amu. Gara manaatti deemuun qaba.,General
ከእነሱ ጋር ለምግብ መገበያየት ያስፈልጋቸው ነበር።,Nyaataaf isaan waliin daldaluu qabu turan.,Business/Economy
ስሙ በከተማው ውስጥ ለሁሉም ሰው ይታወቃል።,Maqaan isaa nama magaalattii keessa jiru hundaan beeka.,General
ቲቪ ማየት የማይረባ ተግባር ነው።,TV ilaaluun gocha faayidaa hin qabneedha.,General
ስለ ቶም ብዙ ያስባሉ፧,Waa'ee Toomii baay'ee yaadduu?,General
ያ እውነት እንዳልሆነ ተስፋ አደርጋለሁ።,Sun dhugaa akka hin taane abdiin qaba.,Religion
ከዚህ አውቶብስ መውረድ ብቻ ነው የምፈልገው።,Otobusii kanarraa bu'uu qofan barbaada.,General
መሄድ የምትፈልግበት ቦታ አለ፧,Bakki ati deemuu barbaaddu jiraa?,General
አስራ ሁለት በሶስት የተከፈለ አራት ነው።,Kudha lama sadiitti hiramuun afur dha.,General
ወላጆቸ ወደዚያ እንድሄድ ፈቀዱልኝ።,Warri koo achi akkan deemu naaf hayyaman.,General
በሾርባ ውስጥ ተጨማሪ ጨው ይጨምሩ።,Soogidda dabalataa shoorbaa keessatti dabalaa.,General
ቶም ጥሩ ጓደኛ ነው።,Toom hiriyyaa gaarii dha.,General
በጉንጭህ ላይ ያንን ጭረት ከየት አመጣው፧,Maddii kee irratti godaannisa sana eessaa argattee?,General
በምሽት ብዙ ቡና መጠጣት የለብወትም።,Galgala buna baay'ee dhuguu hin qabdan.,Agriculture
ይህን ሶፍትዌር በማጠናቀር ላይ አንዳንድ ችግሮች እያጋጠሙኝ ነው።,Software kana qindeessuu irratti rakkoon tokko tokko na mudachaa jira.,General
ለምን አላገባህም፧,Maaliif hin fuunee?,General
እዚህ ለሁለት ቀናት እቆያለሁ።,Guyyaa lamaaf asan tura.,General
ቦርሳህ ከእኔ ጋር ይመሳሰላል።,Borsaan kee kan koo wajjin wal fakkaata.,General
በመጨረሻም ሊያደርገው ያሰበውን አሳክቷል።,Dhumarrattis waan hojjechuuf yaade galmaan ga'eera.,General
ስምህን መጻፍ ስትማር ስንት አመትህ ነበር፧,Yeroo maqaa kee barreessuu barattu umriin kee meeqa ture?,Agriculture
እንድረዳት ትፈልጋለች።,Akkan ishee gargaaru barbaaddi.,General
ቶም ማርያምን የበለጠ መውደድ ጀመረ።,Toom Maariyaam caalaatti jaallachuu jalqabe.,Religion
ጃፓን ምን ይሆናል፧,Jaappaan maal ta'a?,General
አንድ ጠርሙስ ወይን ስጠኝ።,Wayinii qaruuraa tokko naaf kenni.,General
ቶም በጥቁር መዝገብ ውስጥ ገብቷል።,Toom galmee gurraacha keessa galeera.,General
ሁሉም ቲቪ እየተመለከቱ ነው።,Hundi isaanii TV ilaalaa jiru.,General
የእኔ ስልክ ቁጥር ይኸውና,Lakkoofsi bilbilaa koo kunooti.,General
አልፈልግህም አላልኩም።,Ani si hin barbaadu hin jenne.,General
እስከ ድርድርወ መጨረሻ ድረስ መኖርወን ማረጋገጥ እፈልጋለሁ።,Hanga dhuma walgaltee keessaniitti akka jirtan mirkaneeffachuun barbaada.,General
ቶም አይነክሳችሁም።,Toom isin hin ciniinu.,General
ስለራሱ ማውራት ይወዳል።,Waa'ee ofiisaa dubbachuu ni jaallata.,General
አማልክት የሉም።,Waaqooliin hin jiran.,General
የሚወዱት ቁጥር ምንድነው፧,Lakkoofsi isin jaallattan maalidha?,General
የሆነ ጣፋጭ ነገር ሙድ ውስጥ ነኝ።,Miira waan mi'aawaa tokkoo keessan jira.,General
ቲቪ ነው።,TV dha.,General
አንድ ቋንቋ በቂ አይደለም።,Afaan tokko gahaa miti.,Education
ያ አደጋ ነው።,Sun balaadha.,General
ቡና አስተካክልልሃለሁ።,Buna siifan sirreessa.,Government
እዚህ ተንኮለኛ የሚሆንበት ቦታ ነው።,Kunoo bakka itti gowwoomsaa ta'u.,General
መጠነኛ የልብ ድካም ነበረበት።,Dhukkuba onnee salphaa qaba ture.,Health/Medical
አባቴ አስተዋይ ነው።,Abbaan koo beekaa dha.,Religion
ቶም እዚህ መሆኔን እንኳ አያውቅም ነበር።,Toom akkan as jirullee hin beeku ture.,General
ሃብታም ብሆን እጓዛለሁ።,Osoon sooressa ta'ee nan imala.,General
አሁን ልነግራት አልችልም። አሁን ያን ያህል ቀላል አይደለም።,Amma isheetti himuu hin danda'u. Amma hangas salphaa miti.,General
ምን ይደርስባታል፧,Maaltu ishee mudata?,General
እንግሊዘኛ መናገር ብትችል ፍጹም ትሆናለህ።,Osoo Afaan Ingiliffaa qofa dubbachuu dandeessee mudaa kan hin qabne taata.,General
ሴቶች በትክክል ወደ እኔ እየወረወሩ አይደሉም።,Dubartoonni sirriitti natti darbachaa hin jiran.,General
ስለዚያ በጣም ጥሩ ነገር አይታየኝም።,Kanaaf wanti baay'ee gaarii ta'ee natti hin mul'atu.,General
በመንገድ ላይ ሌላ ማንም አልነበረም።,Karaa irratti kan biraa homtuu hin turre.,General
ቶም ማርያም ለምን በቦስተን እንደቆየች አሰበ።,Toom Maariyaam maaliif Booston keessa akka turte yaade.,Religion
ለጥቂት ሰአታት ዘግይቻለሁ።,Sa'aatii muraasaaf harkifadheera.,General
እንደማንኛውም ሰው መብት አለህ።,Atis akkuma nama kaani mirga qabda.,Government
ጓደኛሞች ብቻ እንደሆናችሁ ነግረኸኝ ነበር።,Hiriyyoota qofa akka taatan natti himtee turte.,General
ሃላፊነቶቸን አውቃለሁ።,Itti gaafatamummaa koo nan beeka.,General
አለባበሱ የጨዋ ሰው ነው ንግግሩ እና ባህሪው ግን የክብር ልብስ ነው።,"Uffanni isaa kan nama gaarii ta'us, haasaa fi amala isaa garuu uffata kabajaati.",Business/Economy
ትንሽ ኩባንያ ይፈልጋሉ፧,Dhaabbata xiqqoo ni barbaadduu?,Business/Economy
በበረዶ ውስጥ ይንበረከኩ ነበር።,Cabbii keessatti ni jilbeeffatuu turan.,General
ትንሽ ተሸክሜያለሁ።,Xiqqoo baadgeera.,General
አጠገቡ ትኖር ነበር።,Duraan naannoo isaa jiraachaa turte.,General
ይህን ማድረግ ጊዜ ማባከን ነው።,Kana gochuun yeroo qisaasesuudha.,General
ሯጭ ነች።,Isheen fiigduudha.,General
ቤተ ክርስቲያን እዘምራለሁ።,Mana kiristaanaatti nan faarfadha.,Religion
ማጨስ በጤንነትወ ላይ ተጽእኖ ያሳድራል።,Tamboo xuuxuun fayyaa keessan irratti dhiibbaa qaba.,General
እባኮትን ስለሱ የምታውቁትን ንገሩኝ።,Maaloo waa'ee isaa waan beektan natti himaa.,General
በወር አንድ ጊዜ ወደ ቦስተን እሄዳለሁ።,Ji'atti al tokko gara Booston nan deema.,General
ተቃዋሚውን አስገረመው።,Morkataa isaa ajaa'ibsiise.,Government
የትኛውን ይመርጣሉ፧,Isa kam filatu?,General
የቤት ኪራይ መክፈል አለብኝ።,Kiraa manaa kaffaluun qaba.,General
በጣም ጥሩ ንግግር ነበር።,Sun haasaa baay'ee gaarii ture.,General
ቶም ትምህርት አቆመ።,Toom barumsa dhiise.,Education
ፎቶግራፍ አንስቸ ነበር።,Suuraan kaaseen ture.,General
እንኳን ደስ አለህ ብየ አምናለሁ።,Baga gammaddee jedheen amana.,General
ረጋ ያለ ንፋስ እየነፈሰ ነው።,Qilleensi lallaafaan qilleensa'a jira.,General
ታሪኳ እውነት ሆነ።,Seenaan ishee dhugaadha.,Religion
በሮቹ ተከፈቱ።,Balbaloonni ni banaman.,General
ያገለገሉ መኪናወችን ትሸጣላችሁ አይደል፧,Konkolaattoota fayyadamte ni gurgurtuu mitii?,General
ሁሉም ሰው ደስተኛ ሊሆን አይችልም።,Namni hundi gammadaa ta'uu hin danda'u.,General
አሳ ዛሬ ርካሽ ነው።,Qurxummiin har'a gatii salphaadha.,General
ወደ ጅም ሄድኩ።,Gara jimiitti nan deeme.,General
ላገኝህ በጉጉት ስጠባበቅ ነበር።,Si arguuf hawwii guddaan eeggachaan ture.,General
ሻይ ወይም ሌላ ነገር ይፈልጋሉ፧,Shaayii yookiin waan akkasii ni barbaaddaa?,Agriculture
ቡናው በጣም ሞቃት ስለነበር መጠጣት አልቻልኩም።,Bunni sun baay'ee ho'aa waan tureef dhuguu hin dandeenye.,Agriculture
የምፈልገውን ታውቃለህ፧,Waanan barbaadu beektaa?,General
ይህ መድሃኒት ምንም የጎንዮሽ ጉዳት የለውም።,Qorichi kun miidhaa cinaa tokkollee hin qabu.,Health/Medical
ቶም ይሞታል፧,Toom ni du'aa?,General
እኔ እንድህ ያለ ጥሩ ቅናሽ አለመቀበሏ አስገርሞኛል።,Dhiyeessii gaarii akkasii diduun ishee na ajaa'ibsiiseera.,General
ያንን ማድረግ አልነበረብንም። ስህተት ነበር።,Sana gochuu hin qabnu turre. Dogoggora ture.,General
ሃሳብህ አይታየኝም።,Yaadni kee natti hin mul'atu.,General
ታድያ የት ነበርክ፧,Egaa eessa turtee?,General
ይህ አሰልች ነው።,Kun nuffisiisaa dha.,General
የተሻለ ይገባኛል።,Kan caaluu naaf mala.,General
ምን ልታደርገው ነው፧,Maal gochuuf deemta?,General
የህንጻው መዋቅራዊነት ተበላሽቷል።,Qulqullinni caasaa gamoo kanaa balaadhaaf saaxilameera.,General
ጎበዝ ተማሪ ነህ።,Ati barataa cimaa dha.,Education
አረንጓደ ካባ ለብሳለች።,Uffata magariisa uffatteetti.,General
እንደዚህ መቀጠል አይችሉም።,Akkasitti itti fufuu hin danda'aan.,General
ዛሬ ማታ ከቶም ጋር እየተገናኘሁ ነው።,Halkan kana Toom waliin wal argaan jira.,Religion
ይህ እውነት መሆኑን እናውቃለን።,Kun dhugaa ta'uu isaa ni beekna.,Religion
መቸኮል አለብኝ!,Ariifachuun qaba!,General
ቶም ሶስት በርጩማወች ራቅ ብሎ ባር ላይ ተቀምጦ ቢራ እየጠጣ ነበር።,Toom mana dhugaatii teessuma sadii fagaatu taa'ee biiraa dhugaa ture.,General
ይህንን እስከ ሰኞ ማጠናቀቅ አንችልም።,Kana hanga wixataatti xumuruu hin dandeenyu.,General
የቶም የተሰበረ ክንድ ለመፈወስ ብዙ ሳምንታት ፈጅቷል።,Harki Toom inni cabe fayyuuf torban hedduu itti fudhateera.,General
እድል እውር ነው።,Carraan jaamaadha.,General
ለእርጅናየ ገንዘብ እያጠራቀምኩ ነው።,Dulluma kootiif qarshii qusachaan jira.,Business/Economy
የሙቀት መጠኑን በየቀኑ እመዘግባለሁ።,Guyyaa guyyaan hamma ho'aa nan galmeessa.,General
ቶም መቁሰሉን ነገረኝ።,Toom akka madaa'e natti hime.,General
ዛሬ ለሽርሽር በጣም ቀዝቃዛ ነው።,Har'a bashannanaaf baay'ee dilallaa'aadha.,General
ቶም እሱን እንድረዳው አልፈቀደልኝም።,Toom akkan isa gargaaru naaf hin hayyamne.,General
"በልተሃል፧ ""አወ አለኝ።""","Ati nyaattee jirtaa? ""Eeyyee, qaba.""",General
ቶም ፈረንሳይኛ ተማረ።,Toom Afaan Faransaayii barate.,General
በጎዳናወች ላይ በመቶወች የሚቆጠሩ ሰወች ነበሩ።,Namoonni dhibbaan lakkaa'aman daandii irratti turan.,General
ለማየት የጠበኩት የመጨረሻው ሰው እሱ ነበር።,Nama isa dhumaa nan arga jedhee eege isa ture.,General
አንች ካየኋቸው በጣም ቆንጆ ሴት ነሽ።,Ati dubartii ani arge keessaa ishee bareedduudha.,General
አንድ ወንድም አለኝ።,Obboleessa tokko nan qaba.,General
የጓደኛየ መኪና በእጀ አለ።,Konkolaataa hiriyyaa koo harka koorra jira.,General
ስለ ጃፓን ኢኮኖሚ ምን ያስባሉ፧,Waa'ee dinagdee Jaappaan maal jettu?,Business/Economy
ኮፍያየን አውልቄላችኋለሁ።,Barneexaa koo isiniif baaseera.,Business/Economy
ሰወች አሁንም ፈርተዋል።,Namoonni ammallee sodaataniiru.,General
ብዙ ገንዘብ እንዳለኝ ተናግሯል።,Maallaqa hedduu akkan qabu dubbateera.,Business/Economy
እሷን ማስደሰት እፈልጋለሁ።,Ishee gammachiisuu nan barbaada.,General
ይህ መንገድ የተሻለ ነው።,Kun karaa wayyaadha.,General
ስለ ውጤትህ ላናግርህ እፈልጋለሁ።,Waa'ee qabxii kee si waliin haasa'uun nan barbaada.,Education
ወደ ገበያ እንሄዳለን።,Gara gabaa ni deemna.,Business/Economy
ወደ አመጋገብ ብትሄድ የሚሻል ይመስለኛል።,Gara sorannaattii yoo deemne waan wayyuu natti fakkaata.,General
እንድህ ያለውን ነገር ለመናገር በጣም ተናዶ መሆን አለበት።,Waan akkanaa dubbachuuf baay'ee aaruu qaba.,General
ቶም የሚያደርገው ይህንኑ ነው።,Toom kan godhuu kanuma.,General
ቶም በፍጥነት ከቢሮው ወጣ።,Toom waajjira isaa keessaa ariitiin ba'e.,Government
ጀርመን በአንድ ወቅት ከጣሊያን ጋር ተባብራ ነበር።,Jarmaniin yeroo tokko Xaaliyaanii waliin michuu turte.,General
በኋላ ላይ አዝዣለሁ።,Booda irratti ajajeera.,General
በመኪና ደረሰች።,Konkolaataadhaan na qaqabe.,General
እሱ እንደ ወንድሜ ቁመት አለው።,Innis akkuma obboleessa koo dheerina qaba.,General
ሊቅ ነኝ ብሎ ያስባል።,Ani beekaadha jedhee yaada.,General
ወደ ኮንሰርቱ መሄድ ፈልጌ ነበር።,Konsartii sana dhaquun barbaadeen ture.,General
መግዛት የሚፈልጉት ነገር አለ፧,Wanti bitachuu barbaaddan jiraa?,General
በሌሊት አይሰሩም።,Halkaniin hin hojjetan.,General
ፎጣውን ለመጣል ዝግጁ ነኝ።,Fooxaa sana gatuuf qophiidha.,General
በዚህ ውስጥ ቀልዱን የማየው እኔ ብቻ ነኝ፧,Kana keessatti qoosaa isaa kanan argu ana qofaadha?,General
እንደዚያ ማድረግ እንደምችል አስባለሁ።,Akkas gochuu akkan danda'uu nan yaada.,Health/Medical
እነዚህን ችግሮች ለመፍታት ምን አይነት ለውጦች ያስፈልጋሉ፧,Rakkoolee kana furuuf jijjiiramoota akkamiitu barbaachisuu?,General
የሰው ልጅ ከመሰረታዊ ስሜቶች አንዱ ነው።,Ilmi namaa miirawwan bu'uuraa keessa isa tokkoodha.,General
ክሬድት ካርዶችን አንወስድም።,Kaardiiwwan liqii hin fudhannu.,General
አንድ የሻገተ ዳቦ ጠረጴዛው ላይ ተኛ።,Daabboon samee tokko minjaala irra ciise.,General
አስቸኳይ ነው።,Ariifachiisaa dha.,General
መላእክቶች ለመርገጥ በሚፈሩበት ቦታ ሞኞች ይሮጣሉ።,Gowwoonni bakka ergamoonni tarkaanfachuu sodaatan irratti ni fiigu.,General
አሳውቅሃለሁ።,Siin beeksisa.,General
ስኳሽ እጫወታለሁ።,Iskuwaashii nan taphadha.,General
ምን እያሰብኩ ነበር፧,Maal yaadaan ture?,General
የትራፊክ ጫጫታ በእንቅልፍየ ላይ ጣልቃ ገባ።,Sagaleen tiraafikaa hirriba koo gidduu seene.,General
ጸጉር አስተካካዩ የጸጉር ማበጠሪያ ሰጠው።,Namichi rifeensa sirreessuu filaa rifeensaa itti kenne.,General
ሎተሪ የማሸነፍ እድሉ ለማንም ጠባብ ነው።,Carraan lootarii mo'achuu eenyunaafuu dhiphaadha.,General
ያንን እንዳላደረግክ አውቃለሁ።,Akkas akka hin goone nan beeka.,General
በአጋጣሚ የሚባል ነገር የለም።,Akka tasaa wanti jedhamu hin jiru.,General
ቶም በእውነቱ በራሱ ተረድቷል።,Dhugumatti Toom ofuma isaatiin hubateera.,General
ለአንተ አንድ ነው።,Tokkoof tokko dha.,General
የንፋሱን አቅጣጫ መቀየር አልችልም፣ ነገር ግን ሁልጊዜ መድረሻየ ለመድረስ ሸራየን ማስተካከል እችላለሁ።,"Kallattii qilleensaa jijjiiruu hin dandaʼu, garuu yeroo hunda bakkan deemu akkan gaʼuuf kanfaasi koo sirreessuu nan dandaʼa.",General
በትንሽ ከተማ ውስጥ መኖር እፈልጋለሁ።,Magaalaa xiqqoo keessa jiraachuun barbaada.,General
ቶም ተለዋዋጭ መሆኑን አውቃለሁ።,Toom jijjiiramaa ta'uu isaa nan beeka.,General
ቶም ለማርያም እንደማይነግራት አውቃለሁ።,Toom Maariyaamitti akka hin himne nan beeka.,Religion
ይቅርታ፣ መሄድ አለብኝ።,"Dhiifama, deemuun qaba.",Religion
ቀለበቴን መልሸ ማግኘት እችላለሁ፧,Qubeellaa koo deebisee argachuu nan danda'aa?,General
ቶም በመጨረሻ ማወቅ ያለብኝን አንድ ነገር ነገረኝ።,Toom dhuma irratti waanan beekuu qabu tokko natti hime.,General
ገዳይ ሊሆን ይችላል።,Du'aaf kan nama saaxilu ta'uu danda'a.,General
መኪናው ቆመ።,Konkolaatichi ni dhaabbate.,General
ብእርህ የትኛው ነው፧,Qalamni kee isa kami?,General
ለመብላት ጣፋጭ ነገር እፈልጋለሁ።,Nyaacguuf waan mi'aawaa nan barbaada.,General
በእነዚያ ጉብኝቶች ተደስቶ ነበር።,Daawwannaawwan sanatti gammadee ture.,General
በዜናው የተገረመ መሰለው።,Oduu kanaan waan ajaa'ibsiifate itti fakkaate.,General
አሁንም በስራ ላይ ነው።,Ammallee hojii irra jira.,General
ለመንቃት ጊዜው አሁን ነው።,Yeroon itti dammaqnu amma.,General
ወፍራም ጭጋግ ነበር።,Huurri furdaan ture.,General
ይህን ማድረጉ እብደት ነው።,Kana gochuun isaa maraatummaa ta'a.,General
ለምንድነው ሁሉም አሪፍ ነገሮች በአንተ ላይ የሚደርሱት፧,Wantoonni gaggaariin hundi maaliif si mudatu?,General
በስብሰባው ላይ እንዳትናገር ተጠየቀች።,Walgahicha irratti akka hin dubbanne gaafatamte.,Government
ምናልባት እስክትሞት ድረስ ለመኖር የሚያስችል በቂ ገንዘብ ይኖርህ ይሆናል።,Tarii hanga duututti jiraachuuf maallaqa gahaa ni qabdaa ta'a.,Religion
ይህን ስራ እጠላዋለሁ።,Hojii kana nan jibba.,General
በምትኩ ብስክሌት ገዛሁ።,Bakka isaa biskileetii nan bite.,General
ትናንት አስራ አምስተኛ ልደቷን አክብራለች።,Kaleessa guyyaa dhaloota ishee waggaa kudha shan kabajjeetti.,General
በክፍሉ ውስጥ ካሉት ሁሉ ጋር ተግባቢ ነው።,Namoota kutaa isaa keessa jiran hunda waliin michuudha.,General
እውነቱን እንድናገር ትፈልጋለህ፧,Dhugaa jiru akkan dubbadhu barbaaddaa?,General
ይህንን ማረጋገጥ አለብን።,Kana mirkaneessuu qabna.,General
ትኩስ ቸኮሌት እንድኖረኝ እፈልጋለሁ።,Chokoleetii ho'aa akkan qabaadhuu nan barbaada.,General
ማግባት አልፈለኩም፣ ነገር ግን ወላጆቸ በጣም ይፈልጉኝ ነበር፣ ስለዚህ አገባሁ።,"Ani gaaʼela godhachuu hin barbaanne, garuu warri koo baayʼee waan na barbaadaniif, kanaaf nan fuudhe.",General
እሁድ እሄዳለሁ።,Dilbata nan deema.,General
እባክህ ስምህን ጻፍ።,Maaloo maqaa kee barreessi.,General
ይህን ጉዳይ ከምሳ በኋላ እንውሰደው።,Dhimma kana laaqana booda haa fudhannu.,General
ቶም ሽቦውን ቆርጦ ቦምቡን ፈታው።,Toom shiboo sana kutee boombii sana ni hiike.,General
እንደዚያ መቆም የምችል ይመስለኛል።,Akka sana dhaabbachuu Waanan danda'uu natti fakkaata.,General
እንቅስቃሴውን ሁለተኛ አደርጋለሁ።,Sosochii sana lammaffaa nan godha.,General
የእኔ ክሬድት ካርድ ከፍ ያለ ነው።,Kaardii liqii koo olaanaadha.,General
እዚያ እንደማገኛት ህልም አልነበረኝም።,Achitti akkan ishee argadhuu abjoodhee hin beeku.,General
እውነቱን የሚያውቁት ጥቂት ሰወች ብቻ ነበሩ።,Dhugaa jiru namoota muraasa qofatu beeka ture.,General
ዳግመኛ ላናግርህ አልፈልግም።,Kana booda gonkumaa si waliin haasa'uu hin barbaadu.,General
ከተማ መግባት አለብኝ።,Magaalaa seenuun qaba.,General
ትናንት እዚያ ነበር።,Kaleessa achi ture.,General
ዶክተሩ የሩሲተስ በሽታ እንዳለባት ይናገራል።,Doktarichi dhukkubni ruusiitasii akka isa qabe ni dubbata.,Health/Medical
በማለዳ የማደርገው የመጀመሪያው ነገር ነው።,Waan jalqabaa kan ani ganama hojjedhudha.,Government
ትናንት ሃሙስ ነበር።,Kaleessa Kamisa ture.,General
ከአንድ እስከ አስር ይቁጠሩ።,Tokko irraa hanga kudhanitti lakkaa'a.,General
ይህንን ልትጠቀም ነው፧,Kana fayyadamuuf jirtaa?,General
ቁልፉን ቦርሳዋ ውስጥ አስቀመጠች።,Furtuu sana boorsaa ishee keessa galchite.,General
ይህን አንድ ጊዜ ብቻ ነው የምናገረው።,Kana yeroo tokko qofan dubbadha.,General
እንናፍቀወታለን።,Isin yaadna.,General
ምንም ተጨማሪ ውይይት አያስፈልግም።,Mariin dabalataa homaayyuu hin barbaachisu.,General
ሁሉም ነገር በቦታው ነበር።,Wanti hundi bakka isaatti ture.,General
ስንት ሰአት ቀረው፧,Sa'aatii meeqatu hafe?,General
ባለበት ነህ።,Ati abbaa manaati.,General
በብርድ እየተንቀጠቀጠች ነበር።,Isheen qorraa hollachaa turte.,Business/Economy
ቶም የሚባል አንድ ሰው እየፈለገህ ነው አለ።,Gurbaan Toom jedhamu tokko si barbaada jira jedhe.,General
ለሃብቷ ሁሉ ደስተኛ አይደለችም።,Qabeenya ishee hundaaf gammachuu hin qabdu.,General
ቶም ጠባብ ትከሻወች አሉት።,Toom gateetti dhiphoo qaba.,General
አሁን ስለዚህ ጉዳይ ማሰብ አልችልም።,Amma waa'ee kanaa yaaduu hin danda'u.,General
ከጥቂት ጊዜያት በፊት እዚህ ላይ ያስቀመጥኩት መጽሃፍ ምን ሆነ፧,Kitaabni ani yeroo muraasa dura asitti kaa'e maal ta'e?,Education
እርስ በራስ መተማመንን መማር አለብን።,Wal amanachuu barachuu qabna.,Education
ይህ አበረታች ነው።,Kun waan nama jajjabeessuudha.,General
ረጅሙ ውይይት በመጨረሻ ተጠናቀቀ።,Mariin dheeraan sun dhumarratti xumura irra gahe.,General
ይህ የሎሚ ዛፍ ነው።,Kun muka loomii ti.,Agriculture
በመንገድ ዳር ሬስቶራንት ምሳ በልተናል።,Mana nyaataa karaa cinaa jiru tokkotti laaqana nyaanneerra.,General
አንድ ሰው ፓስፖርቴን ሰረቀ።,Namni tokko paaspoortii koo na jalaa hate.,General
ቀኑን ሙሉ ከልጆቸ ጋር በመጫወት አሳለፍኩ።,Guyyaa guutuu ijoollee koo waliin taphachaa nan dabarse.,General
ምን ማጥናት ይፈልጋሉ፧,Maal barachuu barbaadduu?,Education
እሷ እንደ ቀድሞው ቆንጆ ነች።,Isheen akkuma yeroo kaanii bareedduudha.,General
ቶም እና ማርያም ሁል ጊዜ ይዋጋሉ።,Toomii fi Maariyaam yeroo hunda wal waraanu.,Religion
ግቦችወን መግለጽ ይማሩ።,Kaayyoo keessan ibsuu baradha.,General
ቶም ባለፈው ክረምት ወደ ሃይቁ አልሄደም።,Toom ganna darbe gara haroo sanaa hin deemne.,Health/Medical
ይህ ዋጋ እንዳለው ተስፋ አደርጋለሁ።,Kun gatii akka qabu abdiin qaba.,Business/Economy
ቶምን ገደሉት።,Isaanis Toomii ajjeesan.,General
ስለ ጤና የምናውቀው ከበሽታ ጥናት ተማርነው።,Waa'ee fayyaa waan beeknu qo'annoo dhukkubaa irraa baranne.,Health/Medical
እባኮትን በድጋሚ በፈረንሳይኛ ተናገሩ።,Maaloo irra deebi'aati afaan Faransaayiin dubbadha.,General
በአንድ ቀን ውስጥ ማድረግ ይችላሉ፧,Guyyaa tokkotti gochuu dandeessuu?,General
ይህን ያህል ጊዜ አልጠበቅንም።,Yeroo hanga sana hin eegne.,General
ሰሞኑን ከእህትህ ሰምተሃል፧,Tibbana obboleettii kee irraa dhageesseettaa?,General
ቶም ጠንክሮ ይናገራል።,Toom cimsee dubbata.,General
አልማዝ እውነተኛ ይመስላል።,Daayimandichi kan dhugaa fakkaata.,General
ቶም ጠረጴዛውን ማጽዳት ጀመረ።,Toom minjaala qulqulleessuu jalqabe.,General
በዚህ ሃገር ውስጥ ለምን ያህል ጊዜ ለመቆየት አስበዋል፧,Biyya kana keessa yeroo hammamiif turuuf karoorfattan?,General
አሁን ይሰራል።,Amma ni hojjeta.,General
አባቱ ከሞተ በኋላ የቤተሰቡን ስራ ሃላፊ ወሰደ።,Abbaan isaa erga du'ee booda itti gaafatamummaa hojii maatii kanaa fudhate.,Religion
እነዚህ ጓደኞቸ ቶም እና ማርያም ናቸው።,Hiriyyoonni kun Toomii fi Maariyaam fa'i.,Religion
እየተከታተልኩ ነው።,Hordofaan jira.,General
በሞተር ሳይክሉ በጣም ይኮራል።,Mootar saayikilii isaatiin baay'ee boona.,General
ያንን አልታገስም።,Sana hin obsu.,General
የጭነት መኪናወ ምን አይነት ቀለም ነው፧,Konkolaataan fe'umsaa keessan halluu akkamii qaba?,General
ጓደኛ ብንሆን በጣም ደስ ይለኛል።,Osoo hiriyyaa ta'uu dandeenyee baay'ee natti tola.,General
ቀጭን መሆን ከፈለጉ ይህን አመጋገብ ይከተሉ።,Yoo qallachuu barbaaddan akkaataa nyaataa kana hordofi.,General
እውነት ይህ ሰላሳ ዶላር ነው ብለው ያስባሉ፧,Dhuguma kun doolaara soddoma jettanii yaaddu?,Religion
መነጽሯ ስለጠፋ እንድያነብላት ጠየቀችው።,Golgiitun ijaa ishee waan jalaa badeef akka isheef dubbisu gaafatteni.,General
ህይወት አንዳንድ ጊዜ እንግዳ ነው።,Jireenyi yeroo tokko tokko ajaa'iba.,General
በጣም ደክሞኝ ስለነበር ቀደም ብየ ተኛሁ።,Baay'ee dadhabee waanan tureef dafeen ciise.,Health/Medical
አንድ ተማሪ ታስሯል።,Barataan tokko hidhameera.,Education
ባሉበት ይቆዩ። እየመጣሁ ነው።,Bakka jirtuttaniitti turaa. Dhufaan jira.,General
ይህን ውይይት እናቆም።,Marii kana haa dhaabnu.,General
በጥይት ተመትተዋል፧,Rasaasaan rukutamaniiru?,General
ቶም በሂሳብ ላይ ፍላጎት አለው።,Toom herrega irratti feedhii qaba.,General
ቁርስ ከመብላትወ በፊት አበቦቹን ያጠጡ።,Ciree nyaachuu keessan dura abaaboowwan bishaan obaasa.,General
ቶምን የምንረዳበት መንገድ መኖር አለበት።,Karaan nuti Toom itti gargaarruu jiraachuu qaba.,General
ባለፈው ሳምንት እህቱን ለማግኘት ሄጀ ነበር።,Torban darbe obboleettii isaa argachuuf deemeen ture.,General
ለምን ያህል ጊዜ እንግሊዘኛ እያስተማርክ ነበር፧,Yeroo hammamiif afaan Ingilizii barsiisaa turtan?,Agriculture
የማየት ችሎታው እየደከመ ነው።,Dandeettiim arguu isaa dadhabaa jira.,General
ቅናሹን አደንቃለሁ፣ ግን ልቀበለው አልቻልኩም።,"Hir'ina gatiichaa nan dinqisiifadha, garuu fudhachuu hin dandeenye.",Agriculture
ታላቅ ወንድም እና ታናሽ እህት አለኝ።,Obboleessa angafaa fi obboleettii quxisuu nan qaba.,General
ሶናታ እጫወትልሃለሁ።,Sonaataa siin taphachiisa.,General
ማንሳት ያስፈልግወታል፧,Kaasuun isin barbaachisa?,General
ከዚህ አልሄድም።,Asi hin deemu.,General
ዣንጥላየን ቤት ተውኩት።,Dibaabee koo manattan dhiise.,General
"ሁለት የወንድ ጓደኞች ብቻ ነበሩኝ። ""ኧረ አሁን ሁለት የወንድ ጓደኞች አሉኝ""","Jaalallee lama qofa qaba ture. ""Oo, yeroo ammaa kana jaalallee lama nan qaba.""",General
ወደ ቴኒስ ሜዳ እየሄድክ ነው፧,Gara dirree teenisiitti deemaa jirtaa?,General
ጥሩ ነገር ነው ብለን እናስባለን።,Waan gaariidha jennee yaadna.,General
ያ ኦሪጅናል አይደለም።,Sun orijinaala miti.,General
እውነቱን የምታውቁበት ጊዜ ይመጣል።,Yeroon dhugaa jiru itti beektan ni dhufa.,General
የበርሊን ግንብ መውደቅ በጣም አስፈላጊ ክስተት ነበር።,Kufaatiin dallaa Barliin mudannoo baay'ee barbaachisaa ture.,Government
አድሱን ሱቅወን መቸ ከፈቱ፧,Suuqii haaraa keessan yoom bantanii?,Business/Economy
እኔ አድሱ ጠበቃህ ነኝ።,Ani abukaatoo kee isa haaraadha.,General
ሰአት እና ባዶ ሳጥን ገዛሁ።,Sa'aatii fi saanduqa duwwaa nan bite.,General
ያ ርእስ እጅግ አሳሳች ነበር።,Mata dureen sun garmalee dogoggorsiisaa ture.,General
ክረምቱን በተራሮች ላይ ማሳለፍ ጥሩ ይሆናል።,Ganna gaara keessa dabarsuun gaarii ta'a.,Agriculture
ከዚህ ራቅ።,As irraa fagaadhu.,General
ልጁን በህይወት የማግኘት ተስፋ በፍጥነት እየከሰመ ነው።,Abdiin mucicha lubbuun argachuu saffisaan hir'achaa jira.,General
በጣም እናመሰግናለን።,Baay'ee galateeffanna.,General
ቶም እዚያ እንዳለ ማንም አያውቅም።,Toom akka achi jiru namni beeku hin turre.,General
ለተወሰነ ጊዜ መቆየት አለብኝ።,Yeroo muraasaaf turuun qaba.,General
ከአንተ ጋር መምጣት ነበረብኝ።,Si waliin dhufuun qaba ture.,General
ተጣብቄያለሁ።,Ani maxxaneen jira.,General
ምንም ቃል አልገባሁም።,Waadaa tokkollee hin galle.,General
እባኮትን ልብሶቻችሁን በሙሉ ከወገብ እስከ ላይ አውልቁ።,Mee uffata keessan hunda mudhii irraa ol baafadhaa.,Business/Economy
ቶም ለገና ዋሽንት ሰጠኝ።,Toom ayyaana Qilleef uluullee naaf kenne.,Religion
እንድትቆይ ማንም አያስገድድህም።,Akka turtuuf homtuu si hin dirqisiisu.,General
ልተኛ ነው። ደህና እደር።,Ani rafuufi. Nagaan buli.,General
ቶም ቤዝቦል መጫወት ይወዳል።,Toom beeysiboolii taphachuu ni jaallata.,General
ቶም ሁለቱም ማርያም እና ጆን ከመኪናቸው ሲወርዱ አየ።,Toom Mriyaamii fi Joon lamaan isaanii iyyuu konkolaataa isaanii keessaa yeroo buʼan arge.,Religion
ትስቁብኝ ይሆናል።,Natti kolfituu ta'a.,General
መዋኘት አስደሳች ሆኖ አግኝቸዋለሁ።,Bishaan daakuun gammachiisa ta'ee argadheera.,General
በፍጹም አልዋሽሽም።,Tasumaa si hin sobu.,General
ትክክለኛ ስራ ለመስራት በእነዚህ ቀናት በእሱ ላይ መተማመን አይችሉም።,Guyyoota kanatti hojii sirrii hojjechuuf isa irratti abdachuu hin dandeessan.,General
ቶም ፈረንሳይኛ እያጠና ነው።,Toom Afaan Faransaayii barachaa jira.,General
ስፖርት ትወዳለህ፧,Ispoortii ni jaallattaa?,Education
እዚህ ማንም ፈረንሳይኛ አይናገርም።,Asitti namni afaan Faransaayii dubbatu hin jiru.,General
በኪስ ቦርሳየ 30 ዶላር አለኝ።,Borsaa koo keessaa doolaara 30 qaba.,Business/Economy
ቶም ያንን ያደርጋል።,Toom sana ni godha.,General
ያንን ላደርግልህ እችል ነበር።,Sana siif gochuu nan danda'a ture.,General
ሶስት ስህተቶችን ብቻ ነው የሰራሁት።,Dogoggora sadii qofan hojjedhe.,General
"ይህን እንጉዳይ መብላት ምንም ችግር የለውም፧ ""አንድ ጊዜ ማንኛውንም ነገር መብላት ምንም ችግር የለውም።""","Waakkoo kana nyaachuun homaa rakkoo hin qabuu? ""Yeroo tokko tokko wanta kamiyyuu nyaachuun rakkoo hin qabu.""",General
እሷ ሁለት ሽህ መጻህፍት አሏት።,Isheen kitaabota kuma lama qabdi.,General
ለንግስቲቱ ሰገደ።,Mootittiif ni sagade.,General
ትንሽ ለመተኛት እንድትሞክሩ እመክራችኋለሁ።,Hirriba xiqqoo argachuuf akka yaaltan isinan gorsa.,General
አልሰከርኩም ነበር።,Machaa'ee hin turre.,General
ጠዋት እንግሊዘኛ ተምራለች።,Ganama Afaan Ingilizii baratteetti.,General
እንደረሳችሁት ረስቸው ነበር።,Akka isin dagattaniitti dagadheen ture.,General
ጊዜ ወስዷል።,Yeroo fudhateera.,General
በራስወ ይተማመኑ።,Ofitti amanamummaa qabaadha.,General
ቶም ሶስት ወንዶችና አንድት ሴት ልጆች አሉት።,Toom ijoollee dhiiraa sadii fi intala tokko qaba.,General
እርስወ ያቆዩት።,Isin tursiisa.,General
እባክህ እንድተኛ ፍቀድልኝ።,Maaloo akkan rafuu naaf hayyami.,General
ለምን ይህን ሁሉ ታደርግልናል፧,Maaliif kana hunda nuuf goota?,General
እሱ ከመቸውም ጊዜ በላይ ጠንካራ ነው።,Inni yeroo kamiyyuu caalaa cimaadha.,General
እንደ እርስወ ጊታር መጫወት መማር እፈልጋለሁ።,Anis akkuma keessan gitaara taphachuu barachuu nan barbaada.,Education
ብዙ የብር ሳንቲሞች አሉኝ።,Saantima meetii hedduu nan qaba.,Business/Economy
ተግባቢ ናቸው፧,Michootadhaa?,General
በተቃራኒው አይደለምን፧,Faallaa isaatiin mitii?,General
እስኪ ትንሽ ላስብበት።,Mee xiqqoo itti yaadu.,General
እውነት ነው እንበል።,Dhugaadha haa jennu.,Religion
ከመድረክ ብቻ ውጣ።,Waltajjii irra bu'uu qofa.,Government
አግዳሚ ወንበር ላይ ተቀመጥ።,Teessoo irra taa'i.,General
ቀደም ሲል ሁለት ጊዜ በጥይት ተመትቻለሁ።,Duraanis yeroo lama rasaasaan rukutameen jira.,Health/Medical
ሶስት ሰአት ብቻ ነው የተኛሁት።,Sa'aatii sadii qofan rafe.,General
አቅም የለኝም።,Ani humna hin qabu.,General
በወጣትነቷ ቆንጆ ሆና ሊሆን ይችላል።,Isheen yeroo dargaggummaa isheetti bareedduu turte taʼa.,General
ይህ የእኔ ቁልፍ እንደሆነ እንኳን እርግጠኛ አይደለሁም።,Kun furtuu koo ta'uu isaa illee ani mirkanaa'aa miti.,General
የት እንደሚኖር ጠየቀችው።,Isheenis eessa akka jiraatu isa gaafatte.,General
አንዳንድ ምሁራን እንደሚሉት ከሆነ በአሁኑ ጊዜ ትልቅ የመሬት መንቀጥቀጥ ሊከሰት ይችላል።,Akka hayyoonni tokko tokko jedhanitti yoo ta'ee yeroo ammaa kirkirri lafaa guddaan uumamuu danda'a.,Agriculture
ቶም ህገ-ወጥ ነገር አላደረገም።,Toom waan seeraan alaa hin hojjenne.,General
ክረምት በቅርቡ ይመጣል።,Ganni yeroo dhiyootti ni dhufa.,Agriculture
ትክክል ነኝ ብለህ ትፈራለህ አይደል፧,Ani sirriidha jettee ni sodaatta mitii?,General
ስለ አንድ ነገር ትክክል ነህ።,Waa'ee wanta tokko ati sirriidha.,General
ውሾች በጨለማ ውስጥ ማየት ይችላሉ።,Saroonni dukkana keessatti arguu danda'u.,General
ይህ ጥያቄ ቀላል አይደለም።,Gaaffiin kun salphaa miti.,Education
ዛሬ ምንም ትምህርት የለኝም።,Har'a barumsa tokkollee hin qabu.,Education
ይህንን መረጃ በጥሩ ሁኔታ ተጠቅሞበታል።,Odeeffannoo kana akka gaariitti itti fayyadameera.,General
ለምን ፈረንሳይኛ መማር ይፈልጋሉ፧,Maaliif Afaan Faransaayii barachuu barbaadduu?,Education
ይህ ጥሩ የአየር ሁኔታ እንደሚቀጥል ተስፋ አደርጋለሁ።,Haalli qilleensaa gaariin kun akka itti fufu abdiin qaba.,Agriculture
ቶም ጡንቻወቹን በማወዛወዝ የራስ ፎቶ አነሳ።,Toom maashaalee isaa osoo jilbeenfatuu suuraa ofii kaase.,General
በጣም በመዘግየቴ አዝናለሁ።,Baay'ee harkifachuu kootiif nan gadda.,General
ስብሰባው ሙሉ በሙሉ አእምሮየን አዳልጦታል።,Walgahiin sun guutummaatti sammuu koo mucuceesseera.,Government
በአሮጌ ቤተመቅደሶች እና መቅደሶች ዝነኛ የሆነችውን ኪዮቶን መጎብኘት አለብወት።,Kiyootoo ishee mana qulqullummaa fi iddoowwan qulqulluu duriitiin beekamtu daawwachuu qabdu.,General
እሷ በጣም ቀጭን ነበረች።,Isheen baay'ee qal'oo turte.,General
ከአለቃየ ጋር የነበረኝን ቀጠሮ ተውኩት።,Beellama hogganaa koo wajjin qabu nan dhiise.,Business/Economy
ለእረፍት ወደት ነው የምትሄደው፧,Boqonnaaf eessa deemta?,Education
ብዙ ደስታ አለን።,Gammahuu baay'ee qabna.,General
የመጨረሻ ክፍልህን በተመለከተ፣ ያ በመጨረሻው ፈተናህ ላይ የተመሰረተ ነው።,"Kutaa kee isa dhumaa ilaalchisee, sun qormaata xumuraa kee irratti kan hundaa'eedha.",Education
በዚህ ብርሃን ለማንበብ ሲሞክሩ አይኖችወን ያስጨንቃሉ።,Ifa kanaan dubbisuuf yeroo yaaltan ija keessan ni dhiphiistu.,Business/Economy
ይህ ዛፍ ሶስት ሜትር አካባቢ ነው።,Mukti kun naannoo meetira sadiidha.,Agriculture
ቶም ሰኞ ወደ ቦስተን ይሄድ እንደሆነ ወይም እንዳልሆነ እስካሁን አላውቅም።,Toom wiixata gara Booston deemuu fi dhiisuu isaa hanga ammaatti hin beeku.,General
መጽሃፉ የት ነው ያለው፧,Kitaabiichi eessa jiraa?,General
ቶም አሁን ትልቅ እና ጥበበኛ ነው።,Toom amma guddaa fi nama ogummaadha.,General
እባክህ ቁልፉን አሁን ማግኘት እችላለሁ፧,Amma furtuu sana argachuu nan danda'aa maaloo?,General
በቶም ማመን የለብህም።,Toomiitti amanuu hin qabdu.,General
ለምን አታናግረውም፧,Maaliif isa hin dubbistuu?,General
ጥሩ ልብስ መልበስ ስለፈቀደ ብቻ ሙያን በፍጹም አይምረጡ።,Uffata gaarii uffachuu waan hayyamuuf qofa gonkumaa hojii hin filatina.,General
ቶም ወተቱን አፈሰሰ።,Toom aannan sana dhangalaase.,General
እቃወቹን እስካሁን አላጠብኩም።,Hanga ammaatti mi'a hin dhiqanne.,General
ቶም አሁንም ተጨማሪ ስልጠና ያስፈልገዋል።,Toom ammallee leenjiin dabalataa isa barbaachiisa.,Government
እንድሳካለት እንርዳው።,Akka isaaf milkaa'uuf isa haa gargaarru.,General
ያ ጎዳና በጣም ጫጫታ ነው።,Daandiin sun baay'ee waca qaba.,General
ትናንት እስከ ሰባት ሰርቻለሁ።,Kaleessa hanga sa'aatii torbaatti hojjedheera.,General
ይህ መኪና የማን እንደሆነ ታውቃለህ፧,Konkolaataan kun kan eenyuu akka ta'e beektaa?,General
ያልተጠበቀ ነገር ሁልጊዜ ይከሰታል።,Yeroo hunda wanti hin eegamne ni ta'a.,General
ባላወራው እመርጣለሁ ካላስቸገርክ።,"Osoon isatti dubbachuu baadhee nan filadha, yoo isin hin rakkisne.",General
አሁንም ወንድሜን እንደገደልኩት ታምናለህ፧,Ammas obboleessa koo akkan ajjeese ni amantaa?,General
በኔ ቀልዶች የሚስቅ የለም።,Qoosaa kootti namni kolfu hin jiru.,General
ቶም የበለጠ ያውቃል።,Toom caalatti beeka.,General
ብርሃኑ እስኪለወጥ እየጠበቅኩ ነው።,Ifni hanga jijjiiramu eegaan jira.,Business/Economy
ቶም ማርያም ትመጣለች አለ።,Toom Maariyaam ni dhufti jedhe.,Religion
ፍሬወቹን አጥብቄአለሁ።,Firiiwwan sana jabeesseera.,General
ቶም እና ሜሪ የተጋቡት ከሶስት አመታት በፊት ነው።,Toomii fi Meerii waggaa sadii dura wal fuudhan.,General
እሷ በጣም ጥሩ ፒያኖ ተጫዋች ትሆናለች።,Isheeb taphattuu piyaanoo baay'ee gaarii ni taati.,General
ሁኔታውን እንደገና መመርመር ያለብወት ይመስለኛል።,Haalicha irra deebitanii qorachuu waan qabdan natti fakkaata.,Religion
ቀኑን ሙሉ ቤቱን በማጽዳት አሳለፍኩ።,Guyyaa guutuu mana qulqulleessuun nan dabarseera.,General
ቶም ከአሁን በኋላ ብዙ አያነብም።,Toom kana booda baay'ee hin dubbisu.,General
እንደገና እንዳትጠይቀኝ።,Ammas irra deebitee na hin gaafatin.,Religion
ምን እንደሆነ ታውቃለህ፧,Maal akka ta'e beektaa?,General
እሱ ሁልጊዜ ስለ ምግቡ ያማርራል።,Inni yeroo hunda waa'ee nyaataani komata.,Agriculture
ቶም ጽፎልኛል።,Toom naaf barreesseera.,General
ቶም አንዳንድ ሰወች ማርያምን እንዳጠቁ ተናግሯል።,Toom namoonni tokko tokko Maariyaamiin akka miidhan dubbateera.,Religion
ይህ ጎዳና በጣም ጫጫታ ነው።,Daandiin kun baay'ee waca qaba.,General
በግል መነጋገር እንችላለን፧,Dhuunfaan haasaʼuu dandeenyaa?,Agriculture
የአውሮፓ እዚህ አይሰሩም።,Kan Awurooppaa asitti hin hojjetan.,General
እኔን ማበሳጨት አቁም ስራ ይዣለው።,Na aarsuu dhiisi hjii qbadheera.,General
ባለቤቴ ጠበቃ ነች።,Haati manaa koo abukaatoo dha.,General
በግማሽ ጊዜ ውስጥ ማድረግ እችላለሁ።,Yeroo walakkaa keessatti hojjechuu nan danda'a.,Agriculture
መዝገበ ቃላቱን የምገዛበት ገንዘብ የለኝም።,Maallaqa galmee jechootaa ittiin bitu hin qabu.,Business/Economy
አያቴ በእግር መሄድ ይወዳል።,Akaakayyuun koo deemsa miilaa ni jaallata.,General
ሂሳቡን መክፈሉን ተቃወምኩት።,Herrega kaffaluu isaatiin isan morme.,General
ዘግይቸ ይሆናል ብየ እፈራለሁ።,Harkifadhee ta'aa jedheen sodaadha.,General
ፍየሎቹ የት አሉ፧,Re'oonni eessa jiru?,General
ቶም የቅርብ የግል ጓደኛየ ነው።,Toom hiriyyaa dhuunfaa koo isa dhiyooti.,General
ከአይፍል ግንብ ፊት ለፊት የሰርግ ስእል ፈለጉ።,Suuraa cidhaa masaraa Ayifil fuuldura barbaadan.,Agriculture
ለምን የማላውቀውን ነገር አትነግሩኝም፧,Wanta ani hin beekne maaliif natti hin himtan?,General
ብርቱካን ትወዳለች፧,Burtukaana ni jaallatti?,Agriculture
የሚረዳኝ ሰው አልነበረኝም።,Nama na gargaaru hin qabuun ture.,General
ቶም እና ማርያም አይፈሩም።,Toomii fi Maariyaam hin qaana'aan.,Religion
ከአሮጌው ቤት ጋር ጥሩ ግንኙነት ነበራት።,Mana moofaa sana waliin waliitti dhufeenya gaarii qabdi turte.,General
ልብሱን አወለቀ።,Uffata isaa ofirraa baasee.,General
እነዚያ አስቸጋሪ ጊዜያት ነበሩ።,Isaan sun yeroo rakkisaa turan.,General
በጣም ወድጀሃለሁ።,Baay'ee si jaalladheera.,General
የራሱን ቤት አቃጠለ።,Mana ofii isaa guube.,General
አሪፍ ኮፍያ ለብሳለች።,Barneexaa gaarii uffatteetti.,General
ሃይለኛ መሪ ነበር።,Hogganaa cimaa ture.,General
ለምክር ወደ እሱ ዞርኩ።,Gorsa argachuuf gara isaattan garagale.,General
ታዋቂ ነኝ።,Ani beekamaadha.,General
ብስጭትህ መረዳት የሚቻል ነው።,Aarsuun kee hubatamaadha.,General
ሱሪውን ጫነ።,kofoo fe'e.,General
ቶም ለምን ከእኛ ጋር መሄድ ይፈልጋል፧,Toom maaliif nu waliin deemuu barbaada?,General
ጓደኞችህ እንድሆኑ እፈልጋለሁ።,Hiriyyaa kee akka ta'an nan barbaada.,General
ማሽኖቹ አሁን ስራ ፈትተዋል።,Maashiniiwwan amma hojii hiikaniiru.,General
ውሃ ያስፈልገናል።,Bishaan nu barbaachisa.,Religion
"መቸ እዚህ ትሆናለህ፧ ""አሳውቅሃለሁ።""","Yoom as dhufta? ""Ani sin beeksisa.""",General
ሩቅ ትመስላለህ።,Fagoo fakkaatta.,General
ቶም ስለ አንተ የምወደው ያ ነው።,"Waa'ee kee wanti ani jaalladhu kanuma, Toom.",General
ልምምድ ማድረግ አለብኝ።,Shaakala gochuun qaba.,General
ፖሊስ እስኪመጣ መጠበቅ የተሻለ ነው።,Hanga poolisiin dhufutti eeguun gaariidha.,Government
እንደት እንደምትጽፍ አስተምራችኋለሁ።,Akkaataa itti barreessitan isinan barsiisa.,Health/Medical
ስላልተጎዳህ ደስ ብሎኛል።,Miidhamuu dhabuu keetti gammadeera.,General
ከፍንዳታው በኋላ ሶስት ሰወች ከሬስቶራንቱ ውስጥ ተንከራተው ሲወጡ አየሁ።,Dhohinsa booda namoonni sadiin mana nyaataa keessaa laamsha'anii yeroo ba'an nan arge.,General
ይህ ሊስብወት ይችላል።,Kun sin hawwachuu dandaʼa.,General
ነገሮችን ቀላል ማድረግ ፈልጌ ነበር።,Wantoota salphaa gochuu barbaadeen ture.,General
ሰነጠቀ።,Ni baqaqse.,General
ቶም ውለታ እንድታደርጉለት ይፈልጋል።,Toom akka isin tola itti ooltan ni barbaada.,General
እዚህ ጥቂት ጊዜ ሲጠብቅ ቆይቷል።,Yeroo muraasaaf asitti eegaa tureera.,General
እጀን ጠመዘዘ።,Innis harka koo qaxxaamuree.,General
ጥሩ ልብስ የለኝም።,Ani uffata gaarii hin qabu.,General
ከመሄዳቸው በፊት እንድደውሉልኝ ንገራቸው።,Osoo hin deemin duura akka naaf bilbilan itti himi.,General
ሁሉም በአንድ ጊዜ ተነሱ።,Hundi isaanii yeroo tokkotti ka'an.,General
ቶም የሚናገረውን ሁሉ ማመን አልችልም።,Waan Toom jedhu hunda amanuu hin danda'u.,General
ውሻው እየሞተ ነው።,Sariichi du'aa jira.,General
ባየሁህ ቁጥር እናትህን አስባለሁ።,Yeroon si argu hunda haadha kee nan yaada.,General
ሞቱን አስመሳይ እና አድስ ማንነት ወሰደ።,Du'a isaa fakkeessaa fi eenyummaan haaraa fudhate.,General
በቀላሉ ተስፋ አይቆርጥም፣ ምክንያቱም እሱ ጠንካራ ሰው ነው።,"Salphaatti abdii hin kutatu, sababiin isaas inni nama cimaadha.",General
ቀኑን ሙሉ በባህር ዳርቻ አሳልፈዋል።,Guyyaa guutuu qarqara galaanaa irratti dabarsaniiru.,Health/Medical
እንደ እድል ሆኖ በሩ ክፍት ነበር።,Akka carraa ta'ee balballi banaa ture.,General
እኛ አልተለማመድነውም።,Nuti hin baranne.,General
ደብዳቤው በሚቀጥለው ሰኞ ሊደርስወት ይገባል።,Xalayaa sun hanga wiixata dhufutti isin qaqqabuu qaba.,General
ብዙ ጊዜ ጥቁር አልለብስም።,Yeroo baay'ee gurraacha hin uffadhu.,General
በማይመች ጊዜ መጣ።,Yeroo hin malletti dhufe.,General
ምን እንደ ሆነ ጠየቀችኝ እኔ ግን አላውቅም።,"Maal akka ta'ee na gaafatte, ani garuu hin beeku.",General
እኔ የማፈናቀልበት ጊዜ አሁን ይመስለኛል።,Yeroon ani itti buqqisuu amma natti fakkaata.,General
ተከተሉን። በአቅራቢያ ወደሚገኝ ባር እያመራን ነው።,Nu hordofaa. Gara mana dhugaatii dhiyoo jirutti qajeelaa jirra.,General
የተለየ መምሰል እፈልጋለሁ።,Ani adda ta'ee mul'achuun barbaada.,General
ይህንን ማስወገድ አለብወት።,Kana dhabamsiisuu qabdu.,General
ቶም በአደባባይ ማንንም ስሞ አያውቅም።,Toom namoota duratti eenyuuyyu dhungatee hin beeku.,General
ጦርነቱ መቸ እንደሚቆም ማንም አስቀድሞ ሊያውቅ አይችልም።,Waraanichi yoom akka xumuramu eenyullee dursee beekuu hin danda'u.,Government
እዚያ ለመድረስ ስንት ቀናት ያህል ይወስዳል፧,Achi ga'uuf gara guyyaa meeqa fudhata?,General
ቶም ሌላ ምን ማድረግ እንዳለበት አያውቅም ነበር።,Toom kan biraa maal akka gochuu qabu hin beeku ture.,General
ወደ ድግሱ ልትጋብዟት ነው፧,Gara qophiichaatti ishee afeeruuf jirtuu?,General
ቶም ቀላል የሂሳብ ስሌት እንኳን መስራት አይችልም።,Toom herrega yaadaa salphaa illee hojjechuu hin danda'u.,General
ማታ ላይ ወላጆች ልጆቻቸውን ወደ አልጋው ይጥሏቸዋል።,Galgala irratti warri ijoollee isaanii siree irra kaaʼu.,Health/Medical
ብስክሌቴን መመለስ እፈልጋለሁ።,Biskileetii koo deebisuu nan barbaada.,General
ተዘግቶ ይተውት።,Cufamee dhiisaa.,General
ምን ለማግኘት ተስፋ ያደርጉ ነበር፧,Maal argachuuf abdattuu turtan?,General
ቶም አድስ እቅድ ነድፎ እየሰራ ነው።,Toom karoora haaraa baasee hojjechaa jira.,General
ራሷን እንዳደረገች አበክራ ተናገረች።,Ofii ishee akka raawwatte cimsitee dubbatte.,General
ከ1995 ጀምሮ በቦስተን ኖሬያለሁ።,Bara 1995 irraa eegalee Bostoniitti jiraadheera.,General
የክፍሉ ሁሉም ሰው ግጥሙን በልቡ ተምሯል።,Namoonni kutaa sana keessa jiran hundi walaloo kana qalbiin barataniiru.,General
ይህን እንደት እንደማደርገው አላውቅም።,Kana akkamitti akkan godhu hin beeku.,General
ቶም መልሱን እንደት ገመተ፧,Toom deebii isaa akkamitti tilmaame?,General
ከቤተሰብወ ጋር እንደት ነው፧,Maatii keessan waliin akkamii?,General
ቶም ጸጉሩን በሰማያዊ ቀለም ቀባ።,Toom rifeensa isaa halluu cuquliisaan dibate.,General
ቶም ጓደኛየ አይደለም።,Toom hiriyyaa koo miti.,General
በዚያ ጠርሙስ ውስጥ ምን አለ፧,Qaruuraa sana keessa maaltu jira?,General
የማገኘውን እወስዳለሁ።,Waanan argadhuu nan fudhadha.,General
ልጁ ብስክሌቱን እንደሰረቀ ተናግሯል።,Mucaan kun biskileetii kana akka hatee dubbateera.,General
ከዚህ በፊት ብዙ ወፎችን በአንድ ጊዜ አይቸ አላውቅም።,Kana dura yeroo tokkotti simbirroota hamma kana argee hin beeku.,General
የድንጋይ ከሰል እና የተፈጥሮ ጋዝ የተፈጥሮ ነዳጅ ናቸው።,Dhagaa boba'aa fi gaaziin uumamaa boba'aa uumamaa ti.,General
ስራውን እንድለቅ መጠየቅ አያስፈልገንም።,Hojii isaa akka gadhiisu gaafachuun nu hin barbaachiisu.,General
ይህ ብር አይደለም።,Kun meetii miti.,Business/Economy
የሚጠበስ ትልቅ አሳ አለኝ።,Qurxummii guddaa waadamuu nan qaba.,General
ከረሜላ ገዛችው።,Karameellaa irraa bitte.,General
በመኪና ወደ ትምህርት ቤት ሄደ።,Konkolaataa isaatiin gara mana barumsaa deeme.,Education
ልብሴን ልቀይር ወደ ቤት ሄድኩ።,Uffata koo jijjiiruuf gara manaatti nan deeme.,General
በጥሩ ቃል እንድታስቀምጠኝ እፈልጋለሁ።,Jecha gaariin akka na keessuun barbaada.,General
በእግሩ ለመቆም እድሜው ደርሷል።,Miila ofiitiin dhaabbachuuf umuriin isaa gaheera.,General
ታዳሚው ተሰላችቶ ታየ።,Daawwattoonni nuffisiisaa ta'anii mul'atan.,General
ክፍልወን በጭራሽ አታጽዱም፧,Kutaa keessan gokuma hin qulqulleessitan?,Education
ቶም በቲቪ ላይ ስፖርት መመልከት ያስደስተዋል።,Toom ispoortii TV irratti ilaaluun isa gammachiisa.,Education
ልጆች ወይን እንድጠጡ መፍቀድ ጥሩ ሃሳብ አይደለም ብየ አስባለሁ።,Ijoolleen wayinii akka dhugan hayyamuun yaada gaarii miti jedheen yaada.,General
ጨዋነቱን አልወደውም።,Amala qabeessummaa isaa hin jaalladhu.,General
የኑክሌር ሃይል የሚመረተው አተሞችን በመከፋፈል ወይም አንድ ላይ በማሰባሰብ ነው።,Anniisaa niwukilaraa kan uumamu atoomota addaan qooduun yookiin walitti fiduudhaani.,General
ድመትወ ከመጠን በላይ ወፍራም ነው።,Adurreen kee garmalee furdaadha.,General
በማህበሩ እና በአመራሩ መካከል ያለው አለመግባባት የስራ ማቆም አድማ ሊያስከትል ይችላል።,Waliigaltee dhabuun gamtichaa fi hoggansa gidduu jiru hojii dhaabuu fiduu danda'a.,General
ከረሳሁ እባክህ አስታውሰኝ።,Yoon dagadhe maaloo na yaadachiisi.,General
እንደት እንደሚያልቅ ማየት እፈልጋለሁ።,Akkamitti akka xumuramu ilaaluun barbaada.,General
ወተት ከውሃ ጋር አይቀላቀልም።,Aannan bishaan waliin hin makamu.,Agriculture
እራሴን ጠላሁ።,Of jibba.,General
አምስት ሽህ የን ብቻ አለኝ።,Yeen kuma shan qofan qaba.,General
ከዚህ በፊት ውጭ ሃገር ሄጀ አላውቅም።,Kanaan dura biyya alaa dhaqee hin beeku.,General
ቶም የራሱን መጠጥ አፈሰሰ።,Toom dhugaatii ofisaa dhangalaase.,General
ሰማያዊ ስሜት ይሰማኛል።,Miirri cuquliisaa natti dhagahama.,General
ቶም በሚቀጥለው ሳምንት ይህን ያደርጋል።,Toom torban dhufu kana ni raawwata.,General
ለእራት ጥሩ ምግብ ቤት ልትመክር ትችላለህ፧,Irbaata nyaachuuf mana nyaataa gaarii gorsuu dandeessaa?,General
የአበባ ሻጭ አበባ የሚሸጥ ሰው ነው።,Daraaraa gurguruun nama daraaraa gurgurudha.,General
የቶም መስማት የተሳነው።,Toom gurri isaa hin dhageenye.,General
ምናልባት ቶም ረሳው።,Tarii Toom dagateera ta'a.,General
ቶም ትናንት ሳየው በጣም ደክሞ ነበር።,Toom kaleessa yeroon isa argu baay'ee dadhabe ture.,General
በእርግጥ እንደዚህ ይመስላል።,Dhuguma akkas fakkaata.,General
ተጠቀሙብኝ።,Natti fayyadaman.,General
ለምን ከእኔ ጋር እየጨፈርክ አትመጣም፧,Maaliif na waliin shubbisaa hin dhuftu?,General
አንተ አባትህን ብዙም አትመስልም።,Ati baay'ees abbaa kee hin fakkaattu.,Religion
ነገ ገበያ መሄድ ትፈልጋለህ፧,Boru gabaa deemuu ni barbaaddaa?,Business/Economy
ገንዳው ውስጥ ስትዋኝ የመቆለፊያ ቁልፏን አጣች።,Osoo kuusaa bishaanii keessa daaktuu furtuu ishee dhabde.,General
ቶም ከእሱ ጋር ወደ ቦስተን እንድትሄድ ይፈልጋል።,Toom akka ati isa waliin gara Boston deemtu barbaada.,General
በበጎ ፈቃደኝነት እንድታናግረኝ ፈቅደህልኛል ብየ አላምንም።,Tola ooltummaadhan na dubbisuuf naaf hayyamteetta jedhee amanuu hin danda'u.,Agriculture
ቶም ዛሬ ጠዋት ማርያምን ጠራች።,Toom ganama kana Maariyaamiin waame.,Religion
በዝግታ ለመናገር እንድትሞክሩ እመክራችኋለሁ።,Suuta jettanii dubbachuuf akka yaaltan isinan gorsa.,General
የማህጆንግ ጨዋታን እንደምታውቅ ምንም ሃሳብ አልነበረኝም።,Mahjong taphachuu akka beektu yaada hin qabun ture.,Health/Medical
ከእርስወ ጋር ወደ ፊልሞች አልሄድም።,Ani isin waliin gara fiilmii hin deemu.,General
ለአንድ ደቂቃ ያህል ላስብ።,Daqiiqaa tokkoof mee ani haa yaadu.,General
ቶም ማርያምን አልስምም አለ።,Toom Maariyaamiin hin dhungadhuu jedhe.,Religion
ትንሽ ቀድመህ መነሳት አለብህ።,Xiqqoo dursitee ka'uu qabda.,General
የመሬቱ ባለቤት ማን እንደሆነ ማንም አያውቅም።,Abbaan lafa kanaa eenyu akka ta'e namni beeku hin turre.,Business/Economy
ቶም ብዙ ዘፈኖችን ያውቃል።,Toom sirboota baay'ee beeka.,General
ወፎች አንዳንድ ጊዜ በአውሮፕላኖች ውስጥ በመግባታቸው አደጋን ያመጣሉ።,Simbirroonni yeroo tokko tokko karaa xiyyaaroota keessa seenuu isaaniitin balaa geessisu.,General
አስገራሚ እንድሆን ፈልጌ ነበር።,Ajaa'ibsiisaa akka ta'u barbaadeen ture.,General
ከውጭ ከመጣ ተማሪ ጋር ጓደኛ ፈጠርኩ።,Barataa biyya alaa irraa dhufe tokko waliin michummaa nan uume.,Education
እኛ አሁን አጭር ነን።,Amma nuuti gabaabaadha.,General
ይህንን በየቀኑ ማድረግ የለብንም።,Guyyaa guyyaan kana gochuu hin qabnu.,General
ያ ስም ነው።,Sun maqaa dha.,General
የጭስ ማውጫውን ማጽዳት አለበት።,Aara baastuu sana qulqulleessuu qaba.,General
በዚህ አካባቢ ብዙ ጊዜ ከጃፓን ቱሪስቶች ጋር እንገናኛለን።,Yeroo baay'ee naannoo kana keessatti daawwattoota Jaappaan waliin wal argina.,Religion
አልጋው ስር የሆነ ነገር አለ።,Siree jala wanti ta'ee jira.,Health/Medical
በሩን ክፍት አድርጎ ተወው።,Balbala banaa dhiise.,General
በረራው አስር ሰአት ፈጅቶብናል።,Balaliin kun sa'aatii kudhan nutti fudhateera.,General
ምንም ችግር አጋጥሞህ የማያውቅ ከሆነ ምክር መስጠት ቀላል ነው።,Rakkoon homaayyuu si mudatee hin beekuu taanaan gorsa kennuun salphaadha.,General
ማነው ስራ የለቀቀው፧,Eenyuutu hojii gadhiise?,General
ለአንድ ሃብታም ሰው ሰርቷል።,Nama sooressa tokkoof hojjeteera.,General
አንድ ነገር ብቻ ነው የምለው።,Wanta tokko qofan jedha.,General
የውጭ ቋንቋወችን መማር አስደሳች ነው።,Afaanaata alaa barachuun nama gammachiisa.,Education
ስምህን አላገኘሁትም።,Maqaa kee hin arganne.,General
በጀታችን ያንን ቅንጦት አይፈቅድም።,Baajatni keenya qananii sana hin hayyamu.,General
ቶም ይህንን ክፍል እንከን የለሽ እንዲሆን ይፈልጋል።,Toom kutaa kana mudaa kan hin qabne akka ta'uu barbaada.,Education
በእውነት ብዙ የሚያመሳስለን ነገር አለን።,Dhuguma waan wal nu fakkeessuu baay'ee qabna.,Religion
እሽ የገባኝ ይመስለኛል።,"Tole, waan naaf galee natti fakkaata.",General
እያሄድኩ ነው።,Deemaan jira.,General
አንዳንድ ጊዜ ላሞች በጫካወች ይገደላሉ።,Yeroo tokko tokko saawwan bosonaan ni ajjeefamu.,General
"መቸም ከጠባቂወች አያልፍም። ""የእኔን እድል እጠቀማለሁ።""","Gonkumaa waardiyyaa bira hin darbitu. ""Carraa koo nan fayyadama.""",General
ዝናብ በሚዘንብበት ጊዜ አውቶቡሶቹ ይቆያሉ።,Yeroo roobni roobu otoobisoonni ni turu.,Agriculture
ቶም ከእኔ ያነሱ ጓደኞች አሉት።,Toom hiriyyoota na caalaa xiqqaa qaba.,General
እኔም ተመሳሳይ ነገር ማድረግ አለብኝ።,Anis wanta walfakkaatuu gochuun qaba.,General
እኔን ለማዳን መጣ።,Ana fayyisuuf dhufe.,General
ወደ እሱ ቤት እንሄዳለን። መምጣት ይፈልጋሉ፧,Gara mana isaa ni deemna. Dhufuu barbaadduu?,General
እባካችሁ የቤት ስራችሁን ነገ አስገቡ።,Maaloo hojii manaa keessan boru galchaa.,General
ይህን ማድረግ እንደምትችል አውቄ ነበር።,Kana gochuu akka dandeessu beekeen ture.,Health/Medical
በፍጥነት መስራት ያስፈልግወታል።,Saffisaan hojjechuun isin barbaachisa.,General
ለአንድ ሰከንድ ላናግርህ፧,Sekondii tokkoof si haasofsiisuu?,General
ወደ የጭነት መኪና ሰልፍ እሄዳለሁ።,Gara hiriira konkolaataa fe'umsaatti nan deema.,General
በየቀኑ ጠዋት የባቡር ሃድዶችን እናቋርጣለን።,Guuyyaa hunda ganama daandii baaburaa ni qaxxaamurna.,General
ለመጨረሻው ባቡር በሰአቱ ላይ ነበርኩ።,Baabura isa dhumaaf yeroo isaa irran ture.,General
ገንዘቡን ያስቀምጡ።,Maallaqa sana kaa'a.,General
ወደ ቶኪዮ፣ ጃፓን መደወል እፈልጋለሁ። ቁጥሩ 3202-5625 ነው።,"Gara Tookiyoo, Jaappaaniitti bilbiluun barbaada. Lakkoofsi isaa 3202-5625 dha.",General
ቃላትን በመገምገም በየቀኑ ትንሽ ጊዜ ማሳለፍ አለቦት።,Guyyaa guyyaan yeroo xiqqoo jechoota gamaaggamuuf dabarsuu qabdu.,Agriculture
ሞባይል ስልክ አለህ፧,Bilbila mobaayila qabdaa?,General
ቶም ማርያም ይህን እንደምታደርግ ተንብዮ ነበር።,Toom Maariyaam kana akka gootu tilmaamee ture.,Agriculture
ወደዚያ እመለስበታለሁ።,Gara sanatti nan deebi'a.,General
ለቁርስ ብዙ ብበላም ቀድሞውንም ተርቤ ነበር።,"Cireedhaaf baay'ee nyaadhus, duruu beela'een ture.",Agriculture
ወደ ቶም ቤት ደወልኩ ግን ማንም አልመለሰልኝም።,"Gara mana Toomitti nan bilbile, garuu namni deebii naaf kenne hin jiru.",General
ሞኝነት ስለሰራሁ አፈርኩኝ።,Gowwummaa waanan hojjedheef nan qaana'e.,Agriculture
ኮፍያ አለው።,Barneexaa uffatee jira.,General
ራሴን እንደምንም ጠቃሚ ማድረግ እችላለሁ፧,Haala kamiinuu faayidaa akka qabu of gochuu nan danda'aa?,Health/Medical
ሁለታችንም ፈረንሳይኛ እናጠናለን።,Lamaan keenya iyyuu Afaan Faransaayii ni qo'anna.,General
ህብረቱ ለደሞዝ ጥያቄው መጠነኛ ነበር።,Gamtaan kun gaaffii mindaa isaa irratti xiqqaa ture.,Education
በክፍሉ ውስጥ ትንሽ የቤት እቃወች ነበሩ።,Kutaa sana keessa meeshaaleen manaa xiqqaa turan.,General
ይህ መጽሃፍ ምናብወን ያነቃቃል።,Kitaabni kun yaada keessan ni dammaqsa.,Education
ሌላም ምክንያት ነበር።,Sababni biraas ni ture.,Agriculture
ቶም ያለ ምንም ምልክት ጠፋ።,Toom mallatto tokko malee bade.,Health/Medical
ይህ ልዩ ምሽት ነው።,Kun galgala adda ta'edha.,General
የማያውቁትን ታፍራለች።,Kan hin beekneetti ni qaanoofti.,General
ባለፈው ሳምንት ነበር።,Torban darbe ture.,General
ይህን ትንሽ ሳጥን እንኳን ማንሳት አልችልም።,Sanduuqa xiqqoo kanallee ol kaasuu hin danda'u.,General
ስለ ጉዳዩ በቀጥታ እናገራለሁ።,Waa'ee dhimmichaa kallattiin nan dubbadha.,General
የወንድ ጓደኛ አልፈልግም።,Jaalallee hin barbaadu.,General
አይነ ስውር ዘረፉኝ።,Jaamaa na saaman.,General
በፈገግታ ተቀበለኝ።,Innis kolfaa na simate.,General
ሁለቱም ሊኖሯችሁ አይችሉም።,Kanneen lamaan qabaachuu hin dandeessan.,General
ቶም በእሳተ ገሞራው ጠርዝ ላይ የራስ ፎቶ እያነሳ ነበር እግሩ ስቶ ወደ ጉድጓዱ ውስጥ ወደቀ።,Toom qarqara volkaanoo sanaa irratti suuraa ofii kaasaa turee miila isaa dhabee gara boolla keessa kufe.,General
ሰፊ ነቅቸ ነበር።,Ani bal'inaan dammaqeen ture.,General
ይህን ውይይት አስቀድመን አድርገናል።,Marii kana dursinee gooneerra.,Religion
ከዝርዝሩ ተወግዷል።,Tarree keessaa baafameera.,General
ቶም ሰኞ ከሰአት በኋላ በማርያም ቤት ነበር።,Toom wiixata waaree booda mana Maariyaamiitti ture.,Religion
ውሻወ ምን ሆነ፧,Saree keessan maal ta'ee?,General
አባየ ለገና ምን ልታገኘኝ ነው፧,"Abbaa, ayyaana qilleef maal naaf fiduuf deemta?",Religion
እሱ አይን አፋር ነው፣ እና ካልተናገራቸው በስተቀር በጭራሽ አይናገርም።,"Inni qaana'aadha, yoo isaaniitti dubbate malee gonkumaa hin dubbatu.",General
ከእሱ ጋር መነጋገር አለብህ።,Isa waliin haasa'uu qabda.,General
እባክወን ይህንን ማስተካከል ይችላሉ፧,Maaloo kana sirreessuu dandeessu?,General
አሁን የሞትን ያህል ጥሩ ነን።,Amma akka duneetti gaariidha.,Religion
መልሱን ማን ያውቃል፧,Deebii isaa eenyutu beeka?,General
"ሳይንቲስቶች የሰውን ልጅ ለመዝጋት ቅርብ ናቸው፧ ""በረጅም ጥይት አይደለም።""","Saayintistoonni ilma namaa cufuuf dhihoodha? ""Rasaasa dheeraatiin miti.""",General
ጽጌረዳወቹን መቁረጥ ያስፈልግወታል።,Rooza kutuun isin barbaachisa.,General
ንፋስ አልነበረም።,Qilleensi hin turre.,General
እንደዚህ አይነት ቋንቋ አልታገስም!,Afaan akkasii hin obsu!,Education
የምንኖርበት አካባቢ አንድ ትልቅ ፓርክ አለ።,Bakka jiraannutti dhihoo paarkiin guddaan tokko jira.,General
ሁሌም የሚናገሩት ይህንኑ ነው።,Yeroo hundakan dubbatan kanumadha.,General
እሱን ማናገር አያስፈልገኝም።,Isa waliin haasa'uun na hin barbaachisu.,General
በሚያሽከረክሩበት ጊዜ ወደ ግራ ይያዙ።,Yeroo konkolaachiistan gara bitaatti qabaa.,General
በትክክል ያድርጉት።,Sirritti hojjedhu.,General
እርቃኗን ሴት በጭራሽ አትመኑ።,Dubartii qullaa gonkumaa hin amaninaa.,General
ለመደወል ሞከርኩ ግን አልመለሱልኝም።,Bilbiluuf nan yaalee garuu naaf hin deebisne.,General
ይህን ሁሉ አደረግክ፧,Kana hunda gootee?,General
እነዚህ ክፍያወች ምንድን ናቸው፧,Kaffaltiiwwan kunneen maaliidha?,General
ጊዜ ምስጢር ነው።,Yeroon iccitiidha.,General
የፐርሽንግ ሃይሎች በቀጥታ ወደ ጦርነት አልተላኩም።,Humnoonni Pershing kallattiin gara waraanaatti hin ergamne.,Government
ወደ ቤት መሄድ እንዳለብህ ነግሬሃለሁ።,Gara manaatti deemuu akka qabduu sittii himeera.,General
ለምን አሁንም እዚህ አለህ፧,Ammallee maaliif as jirta?,General
እርግጠኛ ነኝ።,Ani mirkanaa'aa dha.,General
ቶም በመታጠቢያው ውስጥ ነበር።,Toom mana dhiqannaa keessa ture.,General
ሁሉም ትንፋሹን ያዙ።,Hunduu hafuura isaa qaban.,General
የበለጠ በጥንቃቄ ማንበብ ነበረብኝ ብየ አስባለሁ።,Silaa caalaatti sirriitti dubbisuun qaba ture jedheen yaada.,General
ቶም ምናልባት ማርያም ምን እንደሚያደርግ ተስፋ እንዳደረገች አያውቅም።,Toom tarii Maariyaam maal akka goodhu akka abdattee hin beeku.,Religion
ተጨማሪ መደረግ አለበት።,Kana caalaa godhamuu qaba.,General
እንደዛ መኖርን መገመት አልችልም።,Akkasitti jiraachuu tilmaamuu hin danda'u.,General
አንተ ለእኔ ትሰራለህ።,Ati anaaf hojjetta.,General
ጥሩ ስሜት እንድሰማህ የሚያደርግ ነገር የለም፧,Wanti miira gaarii akka sitti dhagaʼamu godhu hin jiruu?,General
አልወድህም።,Ani si jaalladhu.,General
በአሻንጉሊት እየተጫወተች ነው።,Ashaanguullitiin taphachaa jirti.,General
ያለ እርስወ መስራት አልችልም።,Isin malee hojjachuu hin danda'u.,General
በየቀኑ በባቡር ወደ ስራ እሄዳለሁ።,Guyyaa guyyaan baaburaan gara hojiitti nan deema.,General
ቶም እየቀነሰ ነው።,Toom hir'isaa jira.,General
ውጭ እንቀመጥ።,Ala haa teenyu.,General
መኪና ለመግዛት ገንዘብ የለኝም።,Konkolaataa bituuf maallaqa hin qabu.,Business/Economy
እንደገና ማድረግ የምትችል ይመስልሃል፧,Irra deebitee gochuu waan dandeessuu sitti fakkaataa?,Religion
እሰማሃለሁ።,Siin dhaga'a.,General
በዚህ ጉዳይ ተሳስቻለሁ።,Dhimma kana irratti dogoggoreera.,General
አስፈላጊ ነው፣ ስለዚህ አደርገዋለሁ።,Barbaachisaa dha kanaaf nan hojjedha.,General
የሚወዱት የቲቪ ኮከብ ማን ነው፧,Urjiin TV isin jaallattan eenyu?,General
ልከፍልህ የምችልበት ሌላ መንገድ አለ፧,Karaan biraa ani siif kaffalu danda'uu jiraa?,General
ፊልሙ የመጽሃፉን ያህል ጥሩ አይደለም።,Fiilmiichi akka kitaabichaa gaarii miti.,General
ይህን ማድረግ ለእኛ አስፈላጊ አይመስለኝም።,Kana gochuun nuuf barbaachisaa natti hin fakkaatu.,General
ዝግጁም አልሆንም፣ እዚህ መጣሁ።,"Qophaa'aa hin ta'uu,asan dhufe.",General
ደደብ ነህ፧,Ati doofaadhaa?,General
ስለሱ ሌላ ቃል መስማት አልፈልግም!,Waa'ee isaa jecha biraa dhaga'uu hin barbaadu!,General
ይህንን ማመን ይከብደኛል።,Kana amanuun na rakkisa.,General
ምንም እንዳደርግ አትፈልግም፧,Homaayyuu akkan godhu hin barbaadduu?,General
ለዚህ ውሳኔ ያነሳሳው ምን እንደሆነ እያሰብኩ ነበር።,Murtoo Kanaaf maaltu akka isa kakaase yaadaan ture.,Government
ሌሎች ወንዶች ምን እያደረጉ ነው፧,Dhiironni kaan maal hojjechaa jiru?,General
ቶም ይህንን ይፈልጋል።,Toom kana barbaada.,General
በእውነቱ እኔ እዚህ የመጣሁት ለዚህ ነው።,Dhuguma ani kanan as dhufeef kanaafidha.,General
ወፍ ብሆን እመኛለሁ።,Osoon simbirroo ta'ee nan hawwa.,General
ምን አመጣህ፧,Maal fiddee?,General
በማቀዝቀዣው ውስጥ ወተት አለን፧,Firijii keessa aannan jiraa?,Agriculture
ቶም አንዳንድ አትክልቶችን እና ፍራፍሬወችን ገዛ።,Toom kuduraa fi muduraa tokko tokko bite.,Agriculture
በሃይቁ አጠገብ ያለው ቤት የእኔ ነው።,Manni qarqara haroo jiru kan kooti.,General
ከቤተሰቡ መለየት አይወድም።,Maatii isaa irraa adda bahuu hin jaallatu.,General
ቶም እና ማርያም ቀጠሮወቻቸውን ሰርዘዋል።,Toomii fi Maariyaam beellama isaanii haqaniiru.,Religion
እንደ ትምህርት ቤት ልጅ እየደማክ ነው።,Akka mucaa mana barumsaatti dhiigaa jirta.,Education
ጊዜው ያለፈበት ነው።,Yeroo isaa kan itti darbeedha.,General
በቅርቡ እዚህ ይመጣል፧,Yeroo dhiyootti as dhufaa?,General
ምንም የሚጠራጠር አይመስለኝም ነበር።,Homaa waan shakkuu natti hin fakkaatu.,General
የቶም አፍንጫ ቀይ ነበር።,Funyaan Toomii diimaa ture.,General
ነገሮችን በመመደብ ጥሩ አይደለሁም።,Ani waantota ramaduu irratti ga'umsa hin qabu.,General
የማቀርበው ነገር የለኝም።,Waan dhiyeessu hin qabu.,General
ስነ ስርአቱ በነገው እለት ይካሄዳል።,Sirnichi guyyaa boruu ni adeemsiifama.,General
ለቶም አልኩት።,Anis Toomittan hime.,General
ቶም እውነቱን እንድታውቅ አይፈልግም።,Toom dhugaa jiru akka beektu hin barbaadu.,General
ምርጫህን እጠራጠራለሁ።,Filannoo kee nan shakka.,Government
ምግቡ እዚህ አለ።,Nyaanni as jira.,General
ዛሬ ምሽት ለእራት ምን አለ፧,Galgala kana irbaataaf maaltu jira?,General
ቶም ለምን እንዷሸሁ ማወቅ ትፈልጋለህ፧,"Maaliif akkan sobe beekuu barbaaddaa,Toom?",General
ክንዷን ወደ እጁ አስገባች።,Ciqilee ishee gara harka isaatti galchite.,General
እንባ በጉንጯ ላይ ወረደ።,Imimmaan maddii isheerra gadi yaa'e.,General
የት እንዳለ አሳይሃለሁ።,Eessa akka jiru sittan agarsiisa.,General
ማሰብ ዋጋ የለውም።,Yaaduun gatii hin qabu.,Business/Economy
ተታልላችኋል።,Gowwoomfamtaniittu.,General
ብብትዋን ተላጨች።,Boobaa ishee haaddatte.,General
ጊዜ ምን ያህል በፍጥነት እንደሚበር የማይታመን ነው።,Yeroon hammam saffisaan akka balali'u waan hin amannedha.,General
እነሱ ዝም አሉ።,Isaan ni callisan.,General
ጥያቄ መጠየቅ እችላለሁ፧,Gaaffii gaafachuu nan danda'aa?,Education
አደን ይወዳል።,Adamsuu ni jaallata.,Agriculture
ቶም ስለዚህ ጉዳይ አይናገርም።,Toom waa'ee dhimma kanaa hin dubbatu.,General
ተልእኮ ተፈጸመ።,Ergamni raawwatame.,General
ቶም እስካሁን በጥሩ ሁኔታ እየሰራ ነው።,Toom hanga ammaatti haala gaariin hojjechaa jira.,General
አንተ ቶምን አቅለልክ።,Ati Toomiin xiqqeessite.,General
እረፍት ለመውሰድ ምን ትላለህ፧,Boqonnaa fudhachuuf maal jettaa?,Education
ስራውን ከአንድ ሰአት ባነሰ ጊዜ ውስጥ ጨርሻለሁ።,Hojii kana sa'aatii tokko hin guunne keessatti xumureera.,General
ለእኔ የሚሆን ትክክለኛ ሰው አላገኘሁም።,Nama sirrii naaf ta'u hin arganne.,General
ቶም እስካሁን ያንን እንዳላደረገ ነገረኝ።,Toom hanga ammaatti sana akka hin goone natti hime.,General
ልጆች እወዳለሁ። ለዚህ ነው መምህር የሆንኩት።,Ijoollee nan jaalladha. Kanaafidha kanan barsiisaa ta'e.,Education
አሁን መልበስ ይችላሉ።,Amma uffachuu dandeessu.,General
ከሌለ ፍጠር።,Yoo hin jirre uumi.,General
አብዛኞቹ ሱቆች ተዘግተዋል።,Manneen daldalaa irra caalaan isaanii cufamaniiru.,General
እኔ ንጹህ እንደሆንኩ ደጋግሜ እላለሁ፣ ግን ማንም አይሰማኝም።,"Ani qulqulluu akkan ta'ee irra deddeebi'ee nan jedhaa, garuu namni na dhaggeeffatu hin jiru.",General
ሁለቱም እንመጣለን አሉ።,Lamaanuu ni dhufna jedhan.,General
ሁልጊዜ ከእኔ ገንዘብ ይበደራል።,Yeroo hunda qarshii na irraa liqeeffata.,Business/Economy
ዛሬ የምችለውን ሁሉ አደረግሁ።,Har'a waanan danda'u hunda nan godhe.,General
መልሶቹ በቀለም መጻፍ አለባቸው።,Deebiiwwan isaa halluun barreeffamuu qabu.,General
ልጇ በትራፊክ አደጋ ህይወቱ አለፈ።,Ilmi ishee balaa tiraafikaatiin lubbuun isaa darbe.,General
ያ አደጋ በከተማ ውስጥ ቢከሰት ኖሮ አደጋ ያመጣ ነበር።,Balaan sun osoo magaalaa keessatti mudatee balaa geessisa ture.,General
ቶም በሂሳብ ጎበዝ ነው።,Toom herrega irratti ga'umsa qaba.,General
እርስወ እዚህ አለቃ ነወት።,Ati asitti hogganaa dha.,General
አሁንም ፈረንሳይኛ አስተምራለሁ።,Ammallee Afaan Faransaayii nan barsiisa.,General
ደህና እደሩ አልኩኝ።,Nagaan bulaa nan jedhe.,General
እምላለሁ ቶምን ፈጽሞ አልጎዳሁትም።,Nan kakadha Toomiin gonkumaa miidhee hin beeku.,General
ያን ቅራኔ ምን ይሉታል፧,Komii sana maal jedhu?,General
ማርያምን እንድናገኝ የረዳን ቶም ነው።,Maariyaam akka argannu kan nu gargaare Toom dha.,Religion
እንደገና ለማየት እጓጓለሁ።,Irra deebi'ee arguuf nan hawwa.,Religion
እዛ ዝናብ እየዘነበ ነው።,Achitti roobni roobaa jira.,Agriculture
ያ የሴት ስራ ነው።,Sun hojii dubartiiti.,General
ድልድዩ በግምት አንድ ማይል ርዝመት አለው።,Riqichi kun tilmaamaan dheerina maayilii tokko qaba.,Agriculture
ከዳተኞች ናቸው።,Isaan gantootadha.,General
ቶም ማርያም ምን ማድረግ እንዳለባት ያውቅ ነበር።,Toom waan Maariyaam gochuu qabdu ni beeka ture.,Religion
በመጨረሻው ደቂቃ ላይ ስምምነቱ ፈርሷል።,Waliigaltichi daqiiqaa dhumaa irratti diigameera.,General
የተሳሳተ ዣንጥላ አልወሰድኩም።,Dibaabee dogoggoraa hin fudhanne.,General
የቤት ስራህን እንድረዳህ ትፈልጋለህ፧,Hojii manaa kee irratti akkan si gargaaru barbaaddaa?,General
ክፍሉ በጣም ሞቃት ነው በማለት ቅሬታዋን ተናገረች።,Kutaan sun garmalee ho'aadha jechuun komii ishee dubbatte.,General
እሱን የማግኘት ክብር አላገኘሁም።,Kabaja isa waliin wal arguu hin arganne.,Business/Economy
ነገ ቀኑን ሙሉ ዘገባየን እሰራለሁ።,Boru guyyaa guutuu gabaasa koo nan hojjedha.,General
ኮትህን ልበስ። ውጭ ቀዝቃዛ ነው።,Kootii kee uffadhu. Ala qorraadha.,General
ከቻልክ ለመተኛት ሞክር።,Yoo dandeesse rafuu yaali.,General
ምን ችግር እንዳለ አላውቅም።,Rakkoo maal akka jiru hin beeku.,General
ፊልም ማየት ይፈልጋሉ፧,Fiilmii ilaaluu barbaadduu?,General
እንደሚሰራ እናውቃለን።,Akka hojjetu ni beekna.,General
ቶም ይህን እንደማላደርግ ቃል ገባ።,Toom akkas akka hin goone waadaa gale.,General
ቶም ውሻውን እየሄደ ነው።,Toom saree isaa deemaa jira.,General
ኮንሰርቱ ሲጀመር ደግመህ ንገረኝ።,Konsartiichi yemmuu jalqabu irra deebi'ii natti himi.,General
ይህ መደብር ጥሩ አገልግሎት ይሰጣል።,Suuqiin sun tajaajila gaarii kenna.,Business/Economy
እኔ እንደማስበው የተሻለ አሰራር ለመዘርጋት በጣም አስቸጋሪ አይሆንም።,Akkan ani yaaduutti hojmaata gaarii diriirsuuf baay'ee ulfaataa hin ta'u.,General
እባኮትን ከፊት ደስክ አስረክቡ።,Maaloo minjaala fuulduraa irratti kenna.,General
ከአጎቴ ጋር ቀረሁ።,Essuma koo waliin nan hafe.,General
ሁሉም ጠጡ።,Hundi isaanii dhugan.,General
ቶም ላደረገው ነገር መክፈል አለበት።,Toom waan hojjeteef kaffaltii kaffaluu qaba.,General
ሰወች ማውራት ይወዳሉ።,Namoonni haasa'uu jaallatu.,General
ያ በጣም ከባድ ነው።,Sun baay'ee ulfaataadha.,General
ጫማዋን አጣበቀች።,Kophee ishee waliitti qabsiiste.,General
ቶም ለገና ቡችላ እንደሚፈልግ ተናግሯል።,Toom ayyaana Qillee irratti ijoollee saree akka barbaadu dubbata.,Religion
ቴኒስ እና ጎልፍ መጫወት እወዳለሁ።,Teenisii fi goolfii taphachuun natti tola.,General
እባክህ ምግብ እንዳዘጋጅ እርዳኝ።,Maaloo nyaata akkan qopheessu na gargaari.,General
እድሎቸን መጠቀም አለብኝ።,Carraawwan koo itti fayyadamuun qaba.,General
ይህ አረፍተ ነገር ምን ማለት ነው ብለው ያስባሉ፧,Himni kun maal jechuudha jettanii yaaddu?,General
በአደጋ ምክንያት ሰሚ አጥቷል።,Sababa balaa mudateen dhageetti dhabeera.,General
በማስተማር ብዙ ልምድ የለኝም።,Barsiisuu irratti muuxannoo guddaa hin qabu.,Education
ብቻዋን ወደ ሜክሲኮ ሄደች።,Kophaa ishee gara Meksikoo deemte.,General
እሱ የእግር ጉዞ ኢንሳይክሎፔድያ ብለው የሚጠሩት እሱ ነው።,Imalli miillaa sun insaayikilooppiidiyaa jedhanii kan waamam isadha.,General
እነዚህን ሁሉ ነገሮች በእርግጥ ማቆየት አንችልም፣ አይደል፧,Dhuguma wantoota kana tursiisuu hin dandeenyuu mitii?,General
በጣም ረጅም ጊዜ አብረን ነበርን።,Yeroo baay'ee dheeraa waliin turre.,General
ያ ሙሉ በሙሉ አስደናቂ ነበር።,Sun guutummaatti ajaa'ibsiisaa ture.,General
ለራስህ ተጠንቀቅ።,Ofiif of eeggadhu.,General
ቶም ሶስት አመት እስኪሆነው ድረስ አውራ ጣቱን ጠባ።,Toom hanga umuriin isaa waggaa sadii ta'utti abbuudduu isaa xuuxe.,General
ምን እንዳደርግ ጠብቀህ ነበር፧,Maal akkan godhu eegdee turte?,General
አሸባሪው ከመወርወሩ በፊት የእጅ ቦምቡ ፈነዳ እና ክንዱ ተነፈሰ!,"Boombiin harkaa sun osoo shororkeessaan sun hin darbatin dhoohe, ciqileen isaas afuura baafate!",Government
ብዙ ወንዶች ከእርስወ ጋር መውጣት እንደሚፈልጉ አውቃለሁ።,Dhiiroonni baay'een isiin waliin bahuu akka barbaadan nan beeka.,General
ዝናብ ቢዘንብም መውጣት ነበረብኝ።,"Roobni roobus, baʼuun narra ture.",Agriculture
ማንም ፍላጎት የለውም።,Namni fedhii qabu hin jiru.,General
በምትናገረው እስማማለሁ።,Waan ati dubbattu irratti nan walii gala.,General
መጽሃፍህ መቸ ነው የሚወጣው፧,Kitaabni kee yoom ba'aa?,Education
የጥርስ ሃኪም ቀጠሮ አለኝ።,Beellama ogeessa ilkaanii nan qaba.,Health/Medical
ይህ ሃር ለስላሳ ነው የሚሰማው።,Suufiin kun lallaafaa fakkaata.,General
መኪናው ወደ ግራ መታጠፍ ጀመረ።,Konkolaatichi gara bitaatti garagaluu egale.,General
ስቴክ አዘዘን።,Isteekii ajajne.,General
እንደዚህ አይነት ሙዚቃ ወደውታል ትመጣለህ።,Muuziqaa gosa kanaa jaallataniiru ni dhufta.,Education
ብዙ ነገሮችን በተመሳሳይ ጊዜ አያድርጉ።,Yeroo tokkotti wantoota baay'ee hin godhiina.,General
ቶም አሁንም አልከፈለኝም።,Toom ammallee kaffaltii naaf hin kaffalle.,General
መምህሩ የሚናገረውን ያዳምጡ።,Waan barsiisaan jedhu dhaggeeffadha.,General
ስብሰባው ሊጀመር ነው።,Walgahiichi jalqabuuf jedha.,Government
አያቴ የጨረቃ ማረፊያው ውሸት እንደሆነ ያምናል።,Akaakayyuun koo ji'a irratti bu'uun soba akka ta'ee ni amana.,General
ይህ ይረዳል።,Kun ni gargaara.,General
ኮቴን አይተሃል፧,Kootii koo argiteettaa?,General
የሚገርመኝ ምንም የሚያደርጉት ነገር ባለመኖሩ ነው።,Wanti na ajaa'ibuu wanti hojjetan jiraachuu dhabuun isaati.,General
ልመታው ፈልጌ ነበር፣ እሱ ግን ከእኔ ሸሸ።,Isa rukutuu barbaadeen ture inni garuu na jalaa baqate.,General
የገናን ዛፍ እናስጌጥ።,Mee muka ayyaana qillee haa faaynu.,Religion
ማንም እንድረዳህ አትጠብቅ።,Namni akka si gargaaru hin eegin.,General
በይነመረብ ላይ ተመለከትኩት።,Intarneetii irraan ilaale.,General
ማስረጃው ውስጥ ነው።,Ragaan isaa keessa jira.,General
ለወደፊቱ ይህንን ችግር ማስወገድ እፈልጋለሁ።,Gara fuulduraatti rakkoo kana dhabamsiisuu nan barbaada.,General
አንዳንድ የሳል ጠብታወች ሊሰጡኝ ይችላሉ፧,Cophawwan qufaa tokko tokko naaf fiduu dandeessuu?,Health/Medical
ሁለቱም በዚያ የትራፊክ አደጋ ውስጥ እንዳልነበሩ ተስፋ አደርጋለሁ።,Lamaan isaanii iyyuu balaa tiraafikaa sana keessatti akka hin hirmaanne abdiin qaba.,General
ቶም ገንዘብ ከፍሏል።,Toom maallaqa kaffaleera.,Business/Economy
ከክፍል ጓደኞቿ በተሻለ እንግሊዝኛ ትናገራለች።,Hiriyyoota ishee daree keessa jiran kamiyyuu caalaa Afaan Ingiliffaa ni dubbatti.,Education
ትከሻየ ታመመ።,Gateettiin koo dhukkubate.,General
የጥበብ ጥርሶቸ እየገቡ ነው።,Ilkaan ogummaa koo galaa jira.,General
"በቅርቡ ዝናብ የሚዘንብ ይመስለኛል። ""እኔም።""","Yeroo dhiyootti roobni waan roobu natti fakkaata. ""Anis.""",Agriculture
በሰይፍ የሚኖር በሰይፍ ይሞታል።,Kan billaadhaan jiraatu billaadhaan ni du'a.,General
አንተም እንድሁ ታደርግ ነበር።,Atiis akkasuma goota turte.,General
ወፍራሙ ሰው ጉድጓዱ ላይ ዘሎ መሬት ላይ ወደቀ።,Namichi furdaan sun boolla sanarra utaalee lafa irrtti kufe.,Agriculture
ምንም ችግር የለበትም።,Rakkoo homaa hin qabu.,General
የሴት ጓደኛየ ትናንት ማታ ከእኔ ጋር ተለያየች።,Jaalalleen koo kaleessa galgala na waliin addaan baate.,General
ለምን ልብስህን አትለብስም፧,Uffata kee maaliif hin uffattuu?,General
ያ ወንጀል ነው፧,Sun yakkadhaa?,Government
ቶም ፈረንሳይኛ መናገር የት ተማረ፧,Toom afaan Faransaayii dubbachuu eessatti barate?,General
በእውነቱ አንድም አይቸ አላውቅም።,Sirumayyuu tokko argee hin beeku.,General
የሚዋሹልህ ሰወች ይዋሹሃል።,"Namoonni siif soban, si sobu.",General
ማንም ሰው ያንን ችግር መፍታት ይችላል።,Rakkoo sana namni kamiyyuu furuu danda'a.,General
የተቀመጠ ሳንቲም የተገኘ ሳንቲም ነው።,Saantimni kaa'amee saantima argamedha.,General
ወደ ቤተመጽሃፍት እየሄድኩ ሳለ ጓደኛየን አገኘሁት።,Gara mana kitaabaa osoon deemaa jiru hiriyyaa koo wajjin wal arge.,Education
ቶም በአትክልቱ ውስጥ ነው፣ እና ማርያም በኩሽና ውስጥ ነች።,"Toom iddoo biqiltuu keessa jira, Maariyaam immoo mana nyaataa keessa jirti.",Religion
ያንን ማድረግ አያስፈልገንም ነገርግን አደረግን።,"Kana gochuun nu hin barbaachisu, garuu gooneerra.",General
የመመረጥ እድሉ ጥሩ ነው።,Carraan filatamuu isaa gaarii dha.,General
ቶም ከማውቃቸው ጥሩ ሰወች አንዱ ነው።,Toom namoota gaarii ani beekuu keessaa isa tokkodha.,General
"ይህ ልብስ ስንት ነው፧ ""ዘጠና አምስት ሳንቲም ነው።""","Uffanni kun meeqaa? ""Saantima sagaltamii shan dha.""",General
ቶም በጣም ጥሩ አይደለም።,Toom baay'ee gaarii miti.,General
ፒዛው ጥሩ ጣእም ነበረው።,Piizaan sun dhamdhama gaarii ture.,General
ቶም ጠፋህ፧,Toom ni baddee?,General
ከእርስወ ጋር መቆየት እፈልጋለሁ።,Isin waliin turuun barbaada.,General
እዚህ ነኝ።,Asan jira.,General
ይህ ህግን የሚጻረር ነው።,Kun faallaa seeraati.,Government
ከወንድሙ መለየት አልችልም።,Obboleessa isaa irraa adda baasuu hin danda'u.,General
ብዙ ሰወችን አላምንም።,Nama baay'ee hin amanu.,Agriculture
ቶም ማርያምን ለረጅም ጊዜ እየጠበቀች ነበር።,Toom yeroo dheeraaf Maariyaamiin eegaa turte.,Religion
ደስተኛ መሆንህን በማየቴ ደስተኛ ነኝ።,Gammachuu kee arguu kootti gammadeera.,General
ዛሬ ማድረግ ያለብኝ ብዙ ነገሮች አሉኝ።,Har'a wantoota hojjechuu qabu baay'een qaba.,General
በ1945 ሂሮሽማ ላይ የአቶሚክ ቦምብ ተጣለ።,Boombiin atoomikaa bara 1945 Hirooshimaatti darbatame.,General
በሰአቱ እንደሚመጣ እርግጠኛ ነኝ።,Yeroodhaan akka dhufu mirkanaa'aa dha.,General
እንድህ ያለ ነገር ማድረጉ ይገርማል።,Waan akkanaa gochuun isaa waan ajaa'ibaati.,General
በእሁድ ቀንም ቢሆን በማለዳ መነሳት አለብኝ።,Guyyaa dilbataas haa ta'uu ganamaan ka'uun qaba.,General
ሁላችንም አንድ ላይ እንሆናለን።,Hundi keenya waliin taana.,General
ቶም እና ማርያም ሃላፊነት የማይሰማቸው ወላጆች ናቸው።,Toomii fi Maariyaa warra itti gaafatamummaan itti hin dhagaahamneedha.,Religion
አበቦችን ገዛሁህ።,Daraaraawwan sirraan bite.,General
ይህንን መድሃኒት ከወሰዱ ቅዝቃዜን ማስወገድ ይችላሉ።,Qoricha kana yoo fudhattan qorra ofirraa dhabamsiisu ni dandeessu.,Health/Medical
አስደናቂ ስሜት ይሰማዋል።,Mirrii dinqisiisaa itti dhagahaama.,General
ሁላችንም እንዳንተ አልደከምንም።,Hundi keenya akka kee hin dadhabne.,General
የተለያዩ ናቸው።,Isaan garaagaradha.,General
ችግሩ ሊታለፍ የማይችል አይደለም።,Rakkiniichi darbamuu kan hin danda'amnee miti.,General
ይህንን ለማድረግ ምን ያህል ጊዜ ያስፈልጋል ብለው ያስባሉ፧,Kana gochuuf yeroo hammamtuu barbaachisa jettanii yaaddu?,General
ከዚህ በፊት እንዳልተጣላን ማመን አልችልም።,Kanaan dura wal loolu dhabuu keenya amanuu hin danda'u.,General
መላጨት አለብኝ።,Haaddachuun qaba.,General
አቀራረቤን ስላዳመጡኝ አመሰግናለሁ።,Dhiyeessii koo waan na dhaggeeffattaniif galatoomaa.,General
ቸዝ እንጫወት ነበር።,Cheezii ni taphannaa turre.,General
ቶም ጥሩ ሸፍ እንደሆነ አውቃለሁ።,Toom nyaata bilcheessaa gaarii akka ta'e nan beeka.,General
ግንኙነቱ አልገባኝም።,Walitti dhufeenyichi naaf hin galle.,General
እሱ እንደተሳሳተ አይቷል።,Inni akka dogoggoore argeera.,General
መቸ እንዳገባች አላውቅም።,Yoom akka heerumte hin beeku.,General
ቆንጆ እና አስተዋይ ሴቶችን እወዳለሁ።,Dubartoota babbareedoo fi sammuu qaban nan jaalladha.,General
ምንም የተሰበረ አጥንት የለም።,Lafeen cabee homaayyuu hin jiru.,General
መንገዱ በረዷማ ነው።,Daandiin sun cabbii qaba.,General
ለመጫወት የተማርከው የመጀመሪያው መሳሪያ ምን ነበር፧,Meeshaan jalqaba taphachuuf barattee maaliidha?,Government
ይህንን ችግር ወደፊት እንደምናስወግድ ተስፋ እናድርግ።,Rakkoo kana gara fuula duraatti akka dhabamsiifnu abdiin qaba.,Health/Medical
በዚህ ክፍል ውስጥ ማጨስ አይችሉም።,Kutaa kana keessatti tamboo xuuxuu hin dandeessan.,Education
መቸም ልተወህ አልነበረብኝም።,Silaa gonkumaa si dhiisuu hin qabuun ture.,General
አጭር ልቦለድ ለመጻፍ ሞከረ።,Asoosama gabaabaa barreessuuf yaale.,General
ሴት ልጁ ቆንጆ ሴት ሆናለች።,Intalli isaa dubartii bareedduu taateetti.,General
መረጃየ ትክክል ነበር።,Odeeffannoon koo sirrii ture.,General
በትክክል እንደት እንደሚጠቀሙበት አሳይሻለሁ።,Akkaataa sirnaan itti fayyadamtan sittan agarsiisa.,General
ስለምትናገረው ነገር በጣም ጭጋጋማ ሃሳብ አልገባኝም።,Waa'ee dubbii huurrii ta'ee atii dubbattuu naaf hin galle.,General
ሁኔታው በጣም መጥፎ ነው።,Haalli jiru baay'ee hamaadha.,General
መንዳት አልወድም።,Konkolaachisuu hin jaalladhu.,General
የዚህ ተማሪ መጽሃፍት አድስ ነው።,Kitaabni barataa kanaa haaraadha bar.,Education
በጣም የማይታመን ነበር።,Baay'ee kan hin amanamnee ture.,General
ቶም ምሁር ነው።,Toom hayyuudha.,General
ቶም ያለ መነጽር ምንም ማየት አይችልም።,Toom golgituu ijaa isaa malee homaa arguu hin danda'u.,General
ምድርን መንከባከብ አለብን።,Dachee kunuunsuu qabna.,General
ረክተዋል፧,Quufaniiru?,General
ለምን እዚህ አለች፧,Maaliif as jettee?,General
ሰላሳ ነኝ።,Ani soddomadha.,General
በትክክል ምንም አያገኙም፧,Sirriitti homaayyuu hin argatani?,General
ዛሬ ምንም ነገር ለማድረግ ፍላጎት የለኝም።,Har'a homaa gochuuf feedhii hin qabu.,General
እየተቃረብን ነው።,Walitti dhihaachaa jirra.,General
ለመጀመሪያ ጊዜ ወደ ውጭ አገር ጉዞ ጀመሩ።,Yeroo jalqabaaf imala gara biyya alaatti eegalan.,Government
አባቱ ትናንት ማታ በሆስፒታል ውስጥ ከዚህ አለም በሞት ተለይቷል።,Abbaan isaa halkan edaa mana yaalaa keessatti du'aan boqotaniiru.,Religion
ዛሬም ይመጣል ተብሎ የማይታሰብ ይመስለኛል።,Har'as ni dhufaa jedhamee kan hin yaadamneedha.,General
ማን አጸዳው፧,Eenyutu qulqulleesse?,General
ሙዚቃ እወዳለሁ፣ በተለይ ክላሲካል ሙዚቃ።,"Muuziqaa, keessattuu muuziqaa kalaasikaa nan jaalladha.",Education
ባቡሩ እስካሁን ለምን አልሄደም፧,Baaburichi hanga ammaatti maaliif hin deemne?,Health/Medical
ይህ ብርቱካን በጣም ጣፋጭ ነው።,Burtukaanni kun baay'ee mi'aawaa dha.,Agriculture
እኔ በእርግጥ ባለሙያ አይደለሁም።,Dhuguma ani ogeessa miti.,Health/Medical
ወንዶቹ ምሳ እየበሉ ነው።,Dhiironni laaqana nyaachaa jiru.,General
እኔ ውጭ ሳለሁ ቶም ደወለ፧,Toom osoon ala jiruu bilbilee?,General
ከእርስወ ጋር መሮጥ እችላለሁ፧,Isin waliin fiiguu nan danda'aa?,General
ቁልፎቸን የት እንደተውኩ በትክክል አላውቅም፣ ግን እነሱ በመመገቢያ ጠረጴዛው ላይ ያሉ ይመስለኛል።,"Furtuu koo eessatti akkan dhiise sirriitti hin beeku, garuu minjaala kutaa nyaataa irra waan jiran natti fakkaata.",Business/Economy
እንድሁም በአሮጌ፣ በታደሰ፣ የእንፋሎት ባቡር ላይ መንዳት ይችላሉ።,"Akkasumas baabura danfaa dulloomaa, deebi'ee ijaarame, irratti oofuu ni dandeessu.",General
በዚህ ገንዘብ ምን እንገዛለን፧,Maallaqa kanaan maal bitna?,Business/Economy
ከወንጀሉ ንጹህ ነው ብየ የማምንበት በቂ ምክንያት አለኝ።,Yakka sana irraa qulqulluudha jedhee kanan itti amanuu sababa gahaa nan qaba.,General
ቤተሰቤ ያን ያህል ትልቅ አይደለም።,Maatiin koo hangas guddaa miti.,General
አያቱ ውድ የሆነውን አሻንጉሊት ገዙለት።,Akaakayyuun isaa meeshaa taphaa qaalii ta'ee isaaf bite.,General
ለመስማት መጠበቅ አልችልም።,Dhaga'uuf obsuu hin danda'u.,General
የጠፋውን ጊዜ ለማካካስ ሞከረ።,Yeroo bade bakka buusuuf yaale.,General
ብዙ ፈረንሳይኛ ተናጋሪ ጓደኞች አሉኝ።,Hiriyyoota afaan Faransaayii dubbatan hedduu nan qaba.,General
ቶም እና ማርያም ለምን በጣም ይጣላሉ፧,Toomii fi Maariyaam maaliif baayʼee wal loluu?,Religion
ያ የኔ ታሪክ ነው እና እሱን አጥብቄያለሁ።,Sun seenaan kooti kanaafis isa jabeesseera.,Education
ያ እውነት እንዳልሆነ አውቅ ነበር።,Sun dhugaa akka hin taane nan beeka ture.,Religion
ቀኑን ሙሉ ዝም አለች።,Guyyaa guutuu callistee turte.,General
መዝናናት ብቻ ነው የምፈልገው።,Bashannana qofan barbaada.,General
ወደ ኮንቬንሽኑ ማእከል ቅርብ የሆነ ክፍልን ከመረጡ እባክወ ያሳውቁን።,"Kutaa Giddugala Walgahiitti dhihoo ta'e yoo filattan, maaloo nutti himaa.",Education
መጽሃፉን ትናንት እስከ ገጽ 80 አነበብኩት።,Kitaabicha hanga fuula 80tti kaleessa nan dubbise.,General
እንደውም ኮሜድ ነው።,"Sirumayyuu, qoosaa dha.",General
በስድስት ወራት ውስጥ የቡና ዋጋ ወደ 50 በመቶ ከፍ ብሏል።,Ji'oota jaha keessatti gatiin bunaa %50tti ol ka'eera.,Agriculture
ቅን ለመሆን እየሞከርኩ ነው።,Ani garaa qulqulluu ta'uuf yaalaan jira.,General
ወደ ሌላ ከበሮ መደብደብ ይዘልቃል።,Gara rukuttaa dibbee kan biraatti ni qajeela.,General
እባካችሁ ለሌሎች ደግ ሁን።,Maaloo namoota biroof gaarummaa qabaadhaa.,General
አብዛኞቹ ልጃገረዶች ቆንጆ እንደሆኑ አድርገው ያስባሉ።,Shamarran baay'een isaanii bareedduu akka ta'aan yaadu.,General
ዋጋወች በእርግጠኝነት ይጨምራሉ።,Gatiiwwann akka dabalan mirkanaa'aadha.,Business/Economy
ስንት ፖም አለ፧,Poomii meeqatu jira?,General
እሱ በኬሚስትሪ ድሃ ነው።,Inni keemistiriidhaan hiyyeessa.,Education
አቅራቢወች አሉን።,Dhiyeessitoota qabna.,General
በሁለቱም በኩል ያለው ኪሳራ እጅግ ከፍተኛ ነበር።,Kasaaraan gama lachuutiin jiru ol'aanaa ture.,Business/Economy
እባክህ ወደ እኔ ዞር በል,Gara kootti garagali maaloo.,General
ቶም በጣም የተናደደ ይመስላል።,Toom waan baay'ee aaree fakkaata.,General
ሳህኖቹን ለማጠብ አልረዳሁም።,Mi'a dhiquuf hin gargaarre.,General
እጃቸውን እየታጠቡ ነው።,Harka isaanii dhiqachaa jiru.,General
ስለወደፊቱ ማሰብ አለብኝ።,Waa'ee isa fuulduraa yaaduun qaba.,General
በትክክል በማንጠቀምባቸው ነገሮች ላይ ብዙ ገንዘብ እናጠፋለን።,Wantoota sirriitti itti hin fayyadamne irratti maallaqa baay'ee baasna.,Business/Economy
ቶም እና ማርያም ስለ ሁኔታው እየተወያዩ ነው።,Toomii fi Maariyaam waa'ee haala kana irratti mari'achaa jiru.,Religion
ስሟ ማን እንደሆነ አላውቅም።,Maqaan ishee eenyuu akka ta'e hin beeku.,General
በጉዞ ላይ ከመሄደ በፊት ጸጉር መቁረጥ እፈልጋለሁ።,Imala irratti osoon hin deemin dura rifeensa koo murachuu nan barbaada.,General
በሙሉ ልቤ እስማማለሁ።,Onnee guutuun nan walii gala.,General
ሰወች እንደዚህ ባለ ሁኔታ ውስጥ ስህተት ይሰራሉ።,Namoonni haala akkanaa keessatti dogoggora raawwatu.,General
እዚህ ለብዙ ቀናት እቆያለሁ።,Guyyoota hedduudhaaf asan tura.,General
ትንሽ ወተት ላመጣ ነው።,Aannan xiqqoo fiduufani.,Agriculture
ክብደት ቀነሱ፧,Ulfaatina qaamaa hir'istanii?,General
ምን ማድረግ እንደምትፈልግ አልገባኝም።,Waan gochuu akka barbaaddu naaf hin galle.,Health/Medical
ሰርጋቸው ነገ ይሆናል።,Cidhnii isaanii bor ta'a.,General
ዛሬ አመሻሽ ላይ እወጣለሁ።,Galgala kana nan deema.,General
መብረቅ የቶም ቤት መታው።,Balaqqeessaan mana Toomii rukute.,General
ካልገደልካቸው ይገድሉሃል።,Yoo isaan hin ajjeesin si ajjeesu.,General
የማልሄድበት ምንም ምክንያት አላስብም።,Sababa itti hin deemneef homaa hin yaadu.,General
ደብዳቤ ጻፈ።,Xalayaa barreesse.,General
ለገና ለቶም ምን እየሰጡ ነው፧,Ayyaana Qillee irratti Toomiif maal kennitaa jirtuu?,Religion
አስፈላጊ ባይሆን ኖሮ ይህን አልጠይቅወትም።,Osoo barbaachisaa ta'uu baatee kana isin hin gaafadhu ture.,General
ቶም ሊሞት እንደሚችል ተገነዘበ።,Toom duʼuu akka dandaʼu hubate.,Religion
እኛን አይወድም።,Inni nu hin jaallatu.,General
እያሸነፍክ ነው አይደል፧,Injifachaa jirta mitii?,General
የሰውን ድምጽ መኮረጅ ይችላል።,Sagalee namaa fakkeessuu danda'a.,Government
ዝናቡ አረፈደኝ።,Roobni akkan harkifadhu na taasise.,General
ለረጅም ጊዜ አልጻፍኩም።,Yeroo dheeraaf hin barreessine.,General
እባክወን የሁሉንም ሰው ትኩረት ማግኘት እችላለሁ፧,Xiyyeeffannoo nama hundaa argachuu nan danda'aa maaloo?,General
ቶም ብቻውን ተቀመጠ።,Toom kophaa isaa taa'e.,General
ያንን መገንባት እንችላለን።,Sana ijaaruu dandeenya.,General
ወደዚህ መደምደሚያ የመራህ ምንድን ነው፧,Golaba kana irratti kan si qaqqabsiisee maaliidha?,Health/Medical
ብዙ አስደሳች ነገሮችን አስተማረችኝ።,Wantoota gammachiisoo hedduu na barsiifte.,General
ማስታወሻ ትታልኛለች።,Yaadannoo naaf dhiiste.,Education
ቶም ገበያ መሄድ እንዳለብኝ ተናግሯል።,Toom gabaa deemuu akkam qabu dubbateera.,Business/Economy
ውይይቱ እስከ ምሽት ድረስ ቀጠለ።,Mariin kun hanga galgalaatti itti fufe.,General
የቫለንታይን ቀን መጠበቅ አልችልም!,Guyyaa jaalalaa eeguu hin danda'u!,General
ይህን ቅመሱ።,Kana dhandhamaa.,General
የሚመለከት አለ፧,Namni ilaaluu jiraa?,General
ብታምኑት ይሻላል።,Osoo amantan wayya.,General
ከዛሬ ምሽት በፊት በደንብ ሊዘንብ ይችላል።,Halkan kana dura sirriitti roobuu danda'a.,Agriculture
የተወሰነ ገንዘብ ለማጠራቀም እየሞከርኩ ነው።,Maallaqa muraasa qusachuuf yaalaan jira.,Business/Economy
ክራር እንደት እንደሚጫወት ታውቃለህ ብየ አላውቅም ነበር።,Akkaataa kiraarri itti taphatamuu ni beektaa jedhee ani yaadee hin beekuun ture.,General
ሁለተኛ ስራ አለው።,Hojii lammaffaa qaba.,General
መጀመሪያ ነገሮች ይስተካከሉ።,Wantoonni jalqaba haa sirraa'an.,Government
ቶም እስካሁን ቲኬቱን አልገዛም።,Toom hanga ammaatti tikkeettii isaa hin bitanne.,General
ምናልባት ከእነዚህ ርካሽ አንዱን በሌላ ቦታ መግዛት ትችላለህ።,Kanneen keessaa tokko gatii salphaadhaan bakka biraatti bitachuu ni dandeessa.,General
ሃኪሙ ጉዳቷን ፈውሷል።,Ogeessichi miidhamaa ishee fayyiseera.,General
ምን ትጠቁማላችሁ፧,Maal akeektuu?,General
ቶም የነገርኩህ ልጅ ነው።,Toom gurbaa ani waa'ee isaa sitti himedha.,General
የቶም ውሻ በጣም ትልቅ ነው።,Saree Toom baay'ee guddaadha.,General
በቀን ሃያ ዶላር ያገኛል።,Guyyaatti doolaara digdama argata.,Business/Economy
ለማገገም ምንም ተስፋ የለም።,Dandamahuuf homaa abdiin hin jiru.,General
አመለካከትህን ወድጀዋለሁ።,Ilaalchi kee natti tola.,General
ትናንት ማታ የነርሶች ስብስብ ነበረች።,Halkan edaa wal gahii narsootaarra turte.,Health/Medical
ዝርዝር ሰራሁ።,Tarree nan hojjedhe.,General
ደክሞ ስለነበር ወደ አልጋው ሄደ።,Dadhabe waan tureef gara siree isaa deeme.,Health/Medical
ዩኒቨርሲቲየ ዶርም አለው።,Yuunivarsiitiin koo kutaa cisiichaa qaba.,Education
ቀደም ብለው እዚህ መድረስ አያስፈልጎትም ነበር።,Dursitanii as gahuun isin hin barbaachisu ture.,Health/Medical
ሳንታ ክላውስ በአመት አንድ ጊዜ ሊያየን ይመጣል።,Santa Claus waggaatti al tokko nu arguuf dhufa.,General
ለትሪያትሎን ስልጠና እየሰጠሁ ነው።,Dorgommii tiriyaatlooniif leenjii kennaan jira.,Government
እባካችሁ ከእኛ ጋር ይምጡ።,Maaloo nu waliin koottaa.,General
በጣም ውድ በሆነ ሆቴል አደሩ።,Hoteela baay'ee qaala'aa ta'e keessa buran.,General
ቶም በሩን የከፈተው ለምንድነው፧,Toom balbala maaliif bane?,General
እያወራን ነው።,Dubbachaa jirra.,General
አምዶቹ በተጠናከረ ኮንክሪት የተሰሩ ናቸው።,Utubaawwan kun konkiriitii cimaa irraa kan hojjetamanidha.,General
ሃሳቡን አልወደድኩትም።,Yaada isaa hin jaallanne.,General
ታጥቄያለሁ።,Hidhadheera.,General
ስህተት ሰርቻለሁ በማለት ከሰሰችኝ።,Dogoggora hojjedheera jechuun na himatte.,General
ሆን ብለህ ልታደናግረኝ ነው፧,Itti yaaddee na dubbisuuf jirtaa?,General
ብዙ ልረዳህ የምችል አይመስለኝም።,Baay'ee si gargaaruu waanan danda'u natti hin fakkaatu.,General
የአየር ሁኔታ ዛሬ የተሻለ ጥላ ነው።,Haalli qilleensaa har'a gaaddisa fooyya'aa dha.,Agriculture
ለአንድ ሰአት ያህል ከተጓዝን በኋላ ወደ ሃይቁ ደረስን።,Gara sa'aatii tokkoof erga deemnee booda gara haroo sanaa geenye.,General
ከማን ጋር ትሄዳለህ፧,Eenyu waliin deemta?,General
ያንን ማጉላት ፈለግሁ።,Sana cimsee ibsuu nan barbaade.,General
ላደረጋችሁልኝ መልካም አቀባበል ሁሉንም በማመስገን ልጀምር፧,Simannaa hoʼaa naaf gootaniif hunda galateeffachuudhaan jalqabuu?,General
ምስክር አለ።,Ragaan jira.,Government
ምን አገኛለሁ፧,Maalan argadha?,General
ያንን እንድታደርግልኝ እወዳለሁ።,Isa sana akkas akka naaf gootu nan barbaada.,General
በ ጣ ም አ ዝ ና ለ ሁ።,Baay'een gadda.,General
ቶም አሁንም የጽህፈት መኪና ይጠቀማል።,Toom ammallee maashina barreessuu fayyadama.,General
አንችን እየጠበኩኝ ጧት ሁሉ አባከንኩኝ።,Ganama guutuu si eegaan qisaaseesse.,Religion
አንድ የለኝም።,Ani tokko hin qabu.,General
የከንቲባው ሴት ልጅ ታግታለች።,Intalli kantiibaa kanaa butamtee jirti.,Government
ቶም ቢራ እየጠጣ በቡና ቤቱ መጨረሻ ላይ ተቀምጧል።,Toom dhuma mana dhugaatii sanaa taa'ee biiraa dhugaa ture.,Agriculture
ምሽቱን ሙሉ ግጥም በማንበብ አሳለፍኩ።,Halkan guutuu walaloo dubbisuun nan dabarse.,General
እኔ እንደማስበው ዋልሩስ ከማናቴወች የበለጠ ቆንጆወች ናቸው።,Akkan ani yaaduutti Waalruus maanaateewwan babareedoodha.,General
አንድ ሰው የረሳነው ይመስለኛል።,Nama tokko waan daganne natti fakkaata.,General
እናቴን ገደልክ።,Harmee koo ajjeefte.,General
ይቅር እንድትለኝ አልጠብቅም።,Dhiifama naaf goota jedhee hin eegu.,General
አድስ አፓርታማ ገባሁ።,Mana jireenyaa haaraa keessan seene.,General
አሁንም አባል ነኝ።,Ammas ani miseensadha.,Religion
በጣም ደስተኛ መሆን አለበት።,Baayʼee gammadaa ta'uu qaba.,General
ውጤቱ በጣም ተስፋ አስቆራጭ ነበር።,Bu'aan isaa baay'ee abdii nama kutachiisa ture.,General
እንግሊዘኛ አለም አቀፍ ቋንቋ ነው።,Afaan Ingilizii afaan idil-addunyaati.,Education
በሚቀጥለው እሁድ እቤት አልሆንም።,Dilbata dhufu mana hin jiru.,General
መቃወም አለብኝ።,Mormuun qaba.,General
እቀፈኝ።,Na hammadhu.,General
ጥሩ ሚስት ታደርጋለች።,Haati manaa gaarii ni gooti.,General
እዚህ መዋኘት አይችሉም።,Asitti bishaan daakuu hin danda'aan.,General
ቁልፉን ለማግኘት ኪሱን ፈለገ።,Furtuu isaa argachuuf kiisha isaa barbaade.,General
ይህ ከቁጥጥር ውጭ እየሆነ ነው።,Kun to'annoodhaan ala ta'aa jira.,Agriculture
ብዙውን ጊዜ በጃፓን ለሚኖሩ ወላጆቹ ይጽፋል።,Yeroo baay'ee warra isaa Jaappaan jiraniif ni barreessa.,General
ቶም ወደ አውስትራሊያ ተሰደደ።,Toom gara Awustiraaliyaatti godaane.,General
ዛሬ የእኔ ህክምና ነው።,Har'a wal'aansa kooti.,Health/Medical
የቤት ስራዋን በመስራት ተጠምዳለች።,Hojii manaa ishee hojjechuutti qabamtee jirti.,General
በቁጠባ አካውንቴ ውስጥ ብዙ ገንዘብ አለኝ።,Herrega qusannaa koo keessaa maallaqa baay'ee nan qaba.,Business/Economy
ይህን ደብዳቤ ማን እንደጻፈው አላውቅም።,Xalayaa kana eenyu akka barreesse hin beeku.,General
በረዶው ጥልቅ ነበር።,Cabbiin sun gadi fagoo ture.,General
በንድፈ ሃሳብ እና በተግባር መካከል ምንም ልዩነት የለም። በተግባር ግን አለ።,"Wiixinee yaadaa fi hojii gidduu garaagarummaan jiru. Garuu, qabatamaan garuu ni jira.",General
ቶም አስራ ሶስት አመቱ ነው።,Toom umuriin isaa waggaa kudha sadii dha.,General
ትላንትና በጣም ቀዝቃዛ ስለነበር እቤት ውስጥ ቀረሁ።,Kaleessa baay'ee dilallaa'aa waan tureef mana keessattan hafe.,General
ግልቢያ ልትሰጠኝ ትችላለህ፧,Yaabbannoo naaf kennuu dandeessaa?,General
እህትህ ነኝ።,Ani obboleettii keeti.,General
ስራ ለማግኘት እያሰቡ ነው፧,Hojii argachuuf yaadaa jirtuu?,General
ለረጅም ጊዜ እየጠበቁ ነበር፧,Yeroo dheeraaf eegaa turtanii?,General
አእምሮው ተጨንቋል።,Inni sammuun isaa dhiphateera.,General
ፈሪ አይደለንም።,Nuti Sodaattoota miti.,General
ቶም ወላጅ አልባ ልጅ ነው።,Toom mucaa maatii hin qabnee ture.,General
ይህንን ስራ በአምስት ማጠናቀቅ እፈልጋለሁ።,Hojii kana shaniin xumuruu nan barbaada.,General
ብዙም ሳይቆይ ሄደ።,Utuu baay'ee hin turin deeme.,General
ቶም የኪስ ቦርሳውን ሲያጣ እድለኛ አልነበረም።,Toom yeroo boorsaa isaa dhabe carraa qabeessa hin turre.,General
ፒያኖ ይጫወት ነበር።,Innis piyaanoo taphachaa ture.,General
ቶም በጣም አደገኛ ሰው ነው።,Toom nama baay'ee balaa qabuudha.,General
ልትስመኝ ነው፧,Na dhungachuuf jirtaa?,General
ቅዝቃዜው ለሶስት ሳምንታት ቀጠለ።,Torban sadiif qorri kun itti fufe.,General
እግሮቸ አሁንም ይጎዳሉ።,Miilli koo ammas ni miidhamu.,General
ነጭ ገናን የማግኘት እድሎች ምን ያህል ናቸው፧,Carraawwan ayyaana Qillee adii argachuu hammamii?,Religion
ሲድወቿን በተከታታይ አስቀምጣለች።,CD'wwan ishee tarreedhaan kaa'atte.,General
ይህን መብላት የለብኝም ብየ አስባለሁ።,Kana nyaachuu hin qabu jedheen yaada.,General
ሰው ከአካባቢያዊ ለውጦች ጋር የመላመድ ትልቅ አቅም አለው።,Namni jijjiirama naannoo wajjin walsimsiisuuf dandeettii guddaa qaba.,General
እዚህ ሁሉም ሰው ሁሉንም ያውቃል።,Namni as jiru hundi nama hunda ni beeka.,General
ቲቪ አይቶ በጭንቅ ነው።,TV ilaalee cinqidhaani.,General
ራሱን ከስራው ጋር አስተዋወቀ።,Hojii isaa wajjin wal barsiise.,General
ቁመቴ 180 ሴንቲሜትር ነው።,Dheerinni koo seentimeetira 180 dha.,General
መጽሄቱን ጠረጴዛው ላይ አስቀመጠች።,Barruu sana minjaala irra keesse.,General
የአክሲዮን ገበያው ወድቋል።,Gabaa aksiyoonaa kufeera.,Business/Economy
አልጋው ላይ ተቀመጠ።,Innis siree irra taa'e.,Health/Medical
ሁሉንም ፎጣወች አጣጥፌ።,Fooxaawwan hunda dadachaase.,General
ምንም እንኳን በሰዋሰው በዚህ አረፍተ ነገር ውስጥ ምንም ስህተት ባይኖርም፣ ማንም ሰው በትክክል ሊጠቀምበት ይችል እንደሆነ እጠራጠራለሁ።,"Seerlugaan hima kana keessatti wanti dogoggora jiraachuu baatuus, namni kamiyyuu sirrii akka itti fayyadamuu danda'aa akka ta'ee nan shakka.",General
አሁን ይህች ከተማየ ነች።,Kun amma magaalaa kooti.,General
አላዘዝኩትም።,Ani hin ajajne.,General
ቀኑን ሙሉ አልጋ ላይ መቆየት አለብኝ።,Guyyaa guutuu siree irra turuun qaba.,Health/Medical
በመኪናህ ውስጥ ለእኔ ቦታ አለ፧,Konkolaataa kee keessa bakki naaf jiraa?,General
አንድ ጥያቄ ብቻ አለኝ።,Gaaffii tokko qofan qaba.,Education
ከሁሉም በላይ ታጋሽ ሁን።,Hunda caalaa obsa qabaadhu.,General
ባቡሬ ከየትኛው መድረክ ይወጣል፧,Baaburri koo waltajjii kam irraa ba'aa?,Government
ምናልባት ያንን ማድረግ አለብን።,Tarii sana gochuu qabna.,General
ይህን ነገር መጠጣት አልችልም።,Wanta kana dhuguu hin danda'u.,General
ቤተሰቡ በጣም ትልቅ ነው።,Maatiin isaa baay'ee guddaadha.,General
መቸም የተሻለ ሆኘ አላውቅም።,Ani yoomiyyuu kana caalaa ta'ee hin beeku.,General
እሷ ጃዝ ትወዳለች፣ እኔም እንድሁ።,"Isheen jaazii ni jaallatti, anis akkasuma.",General
አሁን የምፈልገው ሙቅ ሻወር እና ጥሩ እንቅልፍ ነው።,Amma wanti ani barbaadu bishaan ho'aa fi hirriba gaariidha.,General
ትምህርት ቤት የሚሄዱት በእግር ወይም በብስክሌት ነው፧,Miilaan moo biskileetiidhaan mana barumsaa deemtuu?,Education
ቅጅ እሰራልሃለሁ።,Waraabbii siifan hojjadha.,General
ጫካ ውስጥ ጠፍተናል።,Bosona keessaa baddee jirta.,General
የጽሁፍ ፈቃድ ያስፈልግወታል።,Hayyamni barreeffamaa isin barbaachisa.,General
ይህ መድረክ በጣም ጥሩ ነው።,Waltajjiin kun baay'ee gaariidha.,Government
ሌላ ማን ናፈቀህ፧,Kan biraa eenyuu yaaddee?,General
ድፍረቱ በጣም አስደነቀኝ።,Ija jabiinni isaa baay'ee na dinqisiise.,General
ከእኛ ጋር የእግር ጉዞ ማድረግስ፧,Nu waliin deemsa miillaa gochuun hoo?,General
ያንን ቀሚስ እወዳለሁ።,Qamisii sana nan jaalladha.,General
ምን ያህል ጊዜ ቀረኝ፧,Yeroon meeqatu na hafe?,General
ብቻ መኖር ምን ያህል አስከፊ እንደሆነ ተገነዘብኩ።,Kophaa jiraachuun hammam hamaa akka taʼee nan hubadhe.,General
ፊልሙን ወደድኩት።,Fiilmiicha nan jaalladhe.,General
ፈረንሳይኛ በመናገር ጎበዝ ነህ፧,Afaan Faransaayii dubbachuu irratti ga'umsa qabdaa?,General
እነዚያን እድሎች እወዳለሁ።,Carraawwan sun natti tolu.,General
ባዩት ነገር ተገረሙ።,Waan arganiin ajaa'ibsiifatan.,General
የመገለጫ ፎቶየን ቀይሬያለሁ።,Suuraa ibsituu koo jijjiireera.,General
ዳግም ግጥሚያ እፈልጋለሁ።,Wal morkii irra deebii nan barbaada.,General
ስለሱ አልጨነቅም።,Waa'ee isaa hin ciinqamu.,General
ስትመጣ ይህን ደብዳቤ ስጧት።,Xalayaa kana gaafa isheen dhuftu itti kenna.,General
የገባህ መስሎኝ ነበር።,Waan seentee natti fakkaatee ture.,General
ለጠባቂ ወስደሽኝ አይደል፧,Waardiyyaadhaaf fudhatta mitii?,General
ነገ ትሄዳለህ፧,Boru ni deemtaa?,General
ለማጥናት ጸጥ ያለ ቦታ ማግኘት እፈልጋለሁ።,Qo'achuudhaaf bakka tasgabbaa'aa ta'e nan barbaada.,Education
በጨዋታው ውስጥ ተጫውታለች።,Tapha kana keessattis taphatteetti.,General
ይህ ውሃ ለመጠጣት ደህና ነው፧,Bishaan kun dhuguuf gaariidhaa?,General
አንዳንድ የቅርብ ጓደኞቸ ፖሊሶች ናቸው።,Hiriyoonni koo dhiyoon tokko tokko poolisoota dha.,General
በእርስወ እና በእኔ አስተያየት መካከል መሰረታዊ ልዩነት አለ።,Yaada keessanii fi kan koo gidduu garaagarummaa bu'uuraatu jira.,General
ያ ምርጫ መጥፎ ነበር።,Sun filannoo hamaa ture.,Government
ተመላሽ ገንዘብ ማግኘት እፈልጋለሁ።,Maallaqni akka naaf deebi'u nan barbaada.,Business/Economy
የዚህን ታሪክ ሞራል ተረድተሃል፧,Safuu seenaa kanaa hubatteettaa?,Education
ሊገድለኝ ይፈልጋል።,Na ajjeesuu barbaada.,General
ማንም ብዙ የጠበቀ አልነበረም።,Namni waan baay'ee eege hin turre.,General
ጸጉር ማድረቂያ አመጣህ፧,Meeshaa rifeensa goggogsu fiddeettaa?,General
እወስድዋለሁ።,Nan fudhadha.,General
ከሹፌሩ ጋር አይነጋገሩ።,Konkolaachisaa wajjin hin haasa'inaa.,General
ያን ሲያደርጉ እድሜወ ስንት ነበር፧,Yeroo akkas gootan umriin keessan meeqa ture?,General
ሁላችንም ተናደናል።,Hundi keenya aarree jirra.,General
ይህን ለመናገር የመጀመሪያው አይደለህም።,Kana dubbachuuf ati nama jalqabaa miti.,Government
ተራመድ።,Tarkaanfadhu.,General
ያ ብቻ ይሆናል።,Sana qofa ta'a.,General
ቶም ለማለት እየሞከረ ያለውን የገባኝ ይመስለኛል።,Waan Toom jechuu yaalu waanan hubadhe natti fakkaata.,General
ቶም ትንፋሽ አጥቷል።,Toom hafuura dadhabeera.,General
ቀለሞችን እወዳለሁ።,Halluuwwan nan jaalladha.,General
እዚህ ይህን ማድረግ አልፈልግም።,Asitti kana gochuu hin barbaadu.,General
ቶምን ለስራው መከርኩት።,Hojii kanaaf Toomiin gorse.,Agriculture
አንድ ብርጭቆ ውሃ ጥሩ ስሜት እንድሰማወት ያደርጋል።,Bishaan burcuqqoo tokko miirri gaariin akka isiniitti dhagahamu godha.,Business/Economy
የምሰራው ስራ አለኝ።,Hojiin hojjedhu qaba.,General
የክፍል ሃላፊው ሃሳቡን ተቀበለው።,Hogganaan kutaa yaada isaa fudhate.,Education
ውጤቱ ከታሰበው ፈጽሞ የተለየ ነበር።,Buʼaan isaa wanta yaadame irraa baayʼee adda ture.,General
ያ ለእኔ ጥሩ ተሞክሮ አልነበረም።,Sun anaaf muuxannoo gaarii hin turre.,General
ሬድዮን እየሰማሁ አልነበረም።,Raadiyoo dhaggeeffachaa hin turre.,General
ያ አይን ያወጣ ውሸት ነው።,Sun soba ifatti mul'atudha.,General
አሁንም መንጠቆውን መፈለግ አለብን።,Ammas hookkoo sana barbaaduu qabna.,General
አባትህን አትመስልም።,Ati abbaa kee hin fakkaattu.,Religion
ልጁን ለማየት ትእግስት አጥቷል።,Ilma isaa arguuf obsa dhabeera.,General
እንደማኮርፍ መናዘዝ አለብኝ።,Akkan dallanuu himachuun qaba.,General
በሚሊዮን የሚቆጠሩ ሰወች ያጠራቀሙትን በሙሉ አጥተዋል።,Namoonni miliyoonaan lakkaa'aman qusannoo isaanii hunda dhabaniiru.,General
በጣም እድለኞች ነን።,Nuuti baay'ee carraa qabeessadha.,General
ፈረንሳይኛ መማር እፈልጋለሁ።,Afaan Faransaayii barachuu nan barbaada.,Education
ቶም ረሃብ ተሰማው።,Toom beelli itti dhagaʼame.,General
ያደረጉትን ለሁሉም እነግራለሁ።,Waan gootan hundatti nan hima.,General
ብዙ ስልኮች አሉወት።,Bilbila baay'ee qabdu.,General
ተዋናይ ከመሆን በተጨማሪ ታዋቂ ሰአሊ ነበረች።,Taattuu ta'uu bira darbee fakkii kaasuun beekamtuu turte.,General
አትሸነፍ!,Hin moo'amiin!,General
ሁለት የአጎት ልጆች አሉኝ።,Ilmaan essumaa laman qaba.,General
አባቴ በህይወቱ ታሞ አያውቅም።,Abbaan koo jireenya isaa keessatti dhukkubsatee hin beeku.,Religion
ሁለት ወንድሞች እና አንድ እህት አሉኝ።,Obboleessa lamaa fi obboleettii tokko nan qaba.,General
ለምን ምስክር እንዳለ አልነገርከንም፧,Maaliif ragaan akka jiru nunutti hin himne?,Government
አድስ መኪና ልገዛ ነው።,Konkolaataa haaraa bitachuufan deema.,General
ርካሽ ክፍሎች አሉወት፧,Kutaawwan gatii salphaa ta'an qabduu?,General
ምን ማድረግ ነው የሚገባኝ፧ አልኩ ለራሴ።,Maal gochuun qaba? jedheen ofumaan.,General
በተፈጥሮ ለመስራት ይሞክሩ።,Uumamaan hojjachuuf yaala.,General
ይህን መጽሄት ማንበብ ትፈልጋለህ፧,Barruu kana dubbisuu barbaaddaa?,General
ምንም ትርጉም የለውም አይደል፧,Hiika tokkollee hin qabu mitii?,General
የከፍተኛ ሁለተኛ ደረጃ ተማሪ ነወት፧,Barataa mana barumsaa sadarkaa lammaffaa olaanaadhaa?,Education
እንደዛ መሆን የለበትም።,Akkas ta'uu hin qabu.,General
በሬን አንኳኳች።,Balbala koo rurrukutte.,Agriculture
ቀድሞውኑ ስራ አለኝ።,Duraanu hojii qaba.,General
ቶም በማቆም ተጸጸተ።,Toom dhaabuu isaatti gaabbe.,General
በንግግሯ እንባ ተናነቀኝ።,Haasaa isheetiin imimmaan ija na guute.,General
የምትፈልገውን እዚህ አታገኝም።,Waan barbaaddu asitti hin argattu.,General
አንድ ሰው ስህተት ሰርቷል።,Namni tokko dogoggora hojjeteera.,General
በባቡር እንድትሄድ እመክራለሁ።,Baaburaan akka deemtu sin gorsa.,General
የሶስት አመት ልጅ ሳለች አባቷ ሞተ።,Yeroo isheen daa'ima waggaa sadii turtetti abbaan ishee du'e.,Religion
የምከታተለው አስቸኳይ ጉዳይ አለኝ።,Dhimma ariifachiisaa kanan hordoofuu nan qaba.,General
በዚህ ምግብ ቤት ውስጥ ያለው ካሪ ጥሩ ነው።,Mana nyaataa kana keessatti kaariin jiru gaarii dha.,General
መጠጥ አፍስልኝ።,Dhugaatii naaf dhangalaasi.,General
ዛሬ ምሳ ለመብላት በቂ ጊዜ የለኝም።,Har'a laaqana nyaachuuf yeroon gahaa hin qabu.,General
ቶም ተርቦ ነበር።,Toom beela'ee ture.,General
ቶም ቁልፍ የለኝም ስላለ ብቻ እውነት ነው ማለት አይደለም።,Toom furtuu hin qabu waan jedheef qofa dhugaadha jechuu miti.,Religion
የምትጠልቀውን ጸሃይ ተመልከት።,Aduu lixaa jirtu ilaali.,General
ይህ ከምንናገረው ጋር ምንም ግንኙነት የለውም።,Kun waan dubbachaa jirru waliin waliitti dhufeenya homaa hin qabu.,General
ጀልባዋ ስትጠልቅ አየሁ።,Bidiruun sun yeroo lixuu nan arge.,General
ወንድሜ ሁል ጊዜ ጠዋት በ 7 ይነሳል።,Obboleessi koo ganama yeroo hunda sa'aatii 7tti ka'a.,Health/Medical
እሱን ችላ በማለት አጸፋውን ሰጠችው።,Isa tuffachuudhaan haaloo baafte.,General
በፓርኩ ውስጥ ብዙ ሰወችን አየሁ።,Namoota baay'ee paarkii keessatti nan arge.,General
ሲናደድ የመቆም ልምድ አለው።,Yeroo aaru ka'ee dhaabbachuu amala qaba.,General
ለቶም መስጠት አለብኝ።,Toomiif kennuun qaba.,General
ቶም የስነ ልቦና ባለሙያ ነው።,Toom ogeessa xiin-sammuuti.,Health/Medical
ስራውን አግኝቷል።,Hojii sana argateera.,General
ይህ ጊታር በጣም ውድ ስለሆነ መግዛት አልችልም።,Giitaarri kun baay'ee qaala'aa waan ta'eef bitachuu hin danda'u.,General
ቶም ማርያም የአንገት ሃብል ከየት እንደገዛች አላውቅም አለ።,Toom Maariyaam dirata mormaa eessaa akka bitte hin beeku jedhe.,Religion
ለማድረግ ተታልሎ ነበር።,Innis gochuuf gowwoomfamee ture.,General
መኪና ከአየር ኮንድሽነር ጋር እፈልጋለሁ።,Konkolaataa kan qilleensa to'atu wajjiin nan barbaada.,General
ዝግጅቱን ለሌላ ጊዜ አስተላልፌዋለሁ።,Sagantaa sana yeroo biraatti dabarseera.,General
አያቴን ሳም።,Akaakayyuu koo dhungadhu.,General
ለቶም መዋሸት ነበረብኝ።,Toomiif sobuun narra ture.,General
ዞር ብለህ አትመልከት።,Garagaltee hin ilaalin.,General
እናትህ ስለ ጤንነትህ ትጨነቃለች።,Haati kee waa'ee fayyaa keetii ni cinqamti.,General
ቶምን እዚያ ሳየው በጣም ተገረምኩ።,Toom achitti yeroon arguu na ajaa'ibe.,General
ሻንጣወ የት ነው ያለው፧,Mi'a keessan eessa jira?,General
ጠላቶች አንሆንም።,Diinoota hin taanu.,General
ልዩነቱን እንደተረዳህ ንገረኝ።,Garaagarummaan isaa akka hubatte natti himi.,General
ተጎዳሁ።,Nan miidhame.,General
በጣም መጥፎ ስሜት ውስጥ ነኝ።,Miira Miira hamaa keessan jira.,General
ቶም ትላንትና ቲቪ ለማየት ጊዜ አልነበረውም።,Toom kaleessa TV ilaaluuf yeroo hin qabu ture.,General
ፈረንሳይኛ አስቸጋሪ አይመስለኝም።,Afaan Faransaayii rakkisaa hin fakkaatu.,General
ቡናው ትኩስ ነው፧,Bunichi ho'aadhaa?,Agriculture
ወታደር ነኝ።,Ani loltuu dha.,Government
አንድ ኩባያ ቡና ወሰድኩት።,Buna kubbaayyaa tokko nan fudhadhe.,Agriculture
ከቶም ጋር ለመነጋገር ጊዜ ማጥፋት አልፈልግም።,Toomii wajjin haasa'uuf yeroo gubuu hin barbaadu.,General
ማሰላሰል አለብህ።,Xinxaluu qabda.,General
እንደት ያለ ጥሩ ሃሳብ ነው!,Yaada gaarii akkamiiti!,General
የምጠይቀው በጉጉት ብቻ ነው።,Fedhii beekuu irraa kan ka'e qofan gaafadha.,General
ያ በጣም ደስ የሚል ቲወሪ ነው።,Sun yaada baay'ee namatti toluudha.,General
ሁሉም ሰው ደህንነት ተሰማው።,Namni hundi nageenyi itti dhagaʼame.,Government
አንዱን ብዙ ጊዜ አይቻለሁ።,Isa tokko yeroo baay'ee argeera.,General
ደብዳቤውን መላክ ረሳችው።,Xalayaa sana erguu irraanfatte.,Religion
ቶም በመጨረሻ ደረሰ።,Toom dhumarratti gahe.,General
አስቂኝ ነህ።,Ati nama kofalchiista.,General
ቶም ሁልጊዜ በቤት ውስጥም ቢሆን የጸሃይ መነጽርን ይጠቀማል።,Toom yeroo hunda mana keessaa illee golgituu ijaa kan aduu ni fayyadama.,General
ተማሪወቹ ተመልሰዋል።,Barattoonni deebi'aniiru.,Education
ቤተሰቡን ትቶ ወደ ታሂቲ ሄደ።,Maatii isaa dhiisee gara Taahitii deeme.,General
በጀርመንኛ ዘየ እንግሊዘኛ ይናገራል።,Afaan Ingiliffaa loqoda afaan Jarmaniin dubbata.,General
ያ ያንተ ነው፧,Sun kan keeti?,General
የውጭ መብራቶችን እጠላለሁ።,Ibsaawwan alaa nan jibba.,General
ይህ ምን ያህል አስፈላጊ እንደሆነ እናውቃለን።,Kun hammam barbaachisaa akka taʼe ni beekna.,General
አንድ መደምደሚያ ላይ ለመድረስ ሶስት ሰአት ፈጅቶብናል።,Xumura tokkorra gaʼuuf saʼaatii sadii nutti fudhateera.,Health/Medical
ጋዜጣ ወይም መጽሄት ይፈልጋሉ፧,Gaazexaa yookiin barruulee ni barbaadduu?,General
ነገሮች በዚህ እንድጠናቀቁ አልፈልግም ነበር።,Wantoonni kanaan akka xumuraman hin barbaaduun ture.,General
ምን ማድረግ አለቦት፧,Maal gochuu qabduu?,General
እኔ እንዳንተ አርጅቻለሁ።,Ani akkuma kee dulloomeera.,General
በቂ አድርገሃል ብየ አስባለሁ።,Waan gahaa gooteetta jedheen yaada.,General
እንደ ቶምም ብጽፍ እመኛለሁ።,Akkuma Toomiis osoon barreessee nan hawwa.,General
የብራዚል ኢኮኖሚ በከፍተኛ ደረጃ እያደገ ነው።,Diinagdeen Biraazil sadarkaa olaanaan guddachaa jira.,Business/Economy
ሚስቱ ከሞተች በኋላ ለጥቂት ተጨማሪ አመታት ኖረ።,Haati manaa isaa erga duutee booda waggoota muraasa dabalataaf jiraate.,General
ቶም ወደ አውስትራሊያ መሄድ ይፈልጋል።,Toom gara Awustiraaliyaa deemuu barbaada.,General
እርስ በርሳችን አንዋደድ።,Wal hin jaalannu.,General
አሁን የገዛሁትን መኪና አሳይሃለሁ።,Konkolaataa amman bite sittan agarsiisa.,General
እነዚህ ደንቦች ያለምንም ልዩነት ለሁሉም ሰው ይሰራሉ።,Dambiiwwan kunneen garaagarummaa tokko malee nama hundaaf ni hojjatu.,Agriculture
ለማንም ሰው ደብዳቤ ከጻፍኩ ብዙ ጊዜ አልፏል።,Erga nama kamiifuu xalayaa hin barreesse yeroo dheeraa ta'eera.,General
ዶክተሩ በየቀኑ ቁርስ መብላት እንዳለብኝ ነገረኝ።,Doktarichi guyyaa hunda ciree nyaachuu akkan qabu natti hime.,General
"ቶም ስራ አጥቷል ያልከው መስሎኝ ነበር። ""ምናልባት ተሳስቸ ይሆናል።""","Toom hojii dhabeera waan jetteeni natti fakkaatee ture. ""Tarii nan dogoggore ta'a.""",General
ምን ያህል እንዳስከፈለኝ ገምት።,Hangam akka na kaffalchiisee tilmaami.,General
ሙሉ በሙሉ ጨለማ ነው።,Guutumaan guutuutti dukkanaa'aadha.,General
በዚህ ክረምት የትውልድ ከተማየን ስጎበኝ ከተማይቱ ከአስር አመት በፊት ከነበረው የተለየ ሆኖ አገኘኋት።,Ganna kana magaalaa dhaloota koo yeroon daawwadhu magaalattiin waggoota kudhaniin dura turte irraa adda ta'ee arge.,Agriculture
እኔ እየሰራሁ ነው።,Ani hojjechaan jira.,General
ተሰባብሬያለሁ።,Ani caccabeera.,General
ግን ትንሽ ትልቅ ነው ብለው አያስቡም፧ ጠየቀ ባለሱቁ።,Garuu xiqqoo guddaadha jettanii hin yaaddanii? abbaan suuqichaa gaafate.,General
ቶሎ ይመለስ እንደሆነ ጠየቅኩት።,Yeroo kan deebi'u akka ta'ee nan isa gaafadhe.,General
ዝናብ ሊዘንብ ነው፧,Roobni ni roobuuf jiraa?,Agriculture
ሰኞ በጣም የተጨናነቀ ቀኔ ነው።,Wiixata ganama guyyaa dhiphataa kooti.,General
ቶም አልተደነቀም።,Toom hin dinqisiifamne.,General
የሚያማክረው ሰው የለውም።,Nama mariisisu hin qabu.,General
ቶም የማርያም ፍቅረኛ ማን እንደሆነ ያውቅ ነበር።,Toom jaalalleen Maariyaam eenyu akka ta'ee ni beeka ture.,Religion
ቶም ምን እያጋጠመው እንዳለ በትክክል ተረድቻለሁ።,Toom maaltu akka isa mudachaa jiru sirriitti hubadheera.,General
ልጁ ድመቷን በጅራቷ ያዘ።,Mucichi adurree sana eegee isheetiin qabe.,General
በሰርጉ ላይ ከቶም ቤተሰብ የተገኘ ማንም የለም።,Maatii Toom keessaa namni cidha kana irratti argamee hin jiru.,General
ይህ ቁልፍ ከሌለህ መግባት አትችልም።,Yoo furtuu kana hin qabduu ta'ee seenuu hin dandeessu.,General
ካንተ የተከራየሁት መኪና ችግር አለበት።,Konkolaataan ani sirraa kireeffadhe rakkoo qaba.,General
ጫማህን እሰር።,Kophee kee hidhadhu.,General
ጓደኞቸ እንደት እንደሚገልጹኝ ታውቃለህ፧,Hiriyoonni koo akkamitti akka na ibsan beektaa?,General
መቆለፊያውን ጨመቀ።,Qulfii isaa cuunfe.,General
አንድ ትንሽ መኪና ከትልቅ መኪና የበለጠ ኢኮኖሚያዊ ነው።,Konkolaataan xiqqaan tokko konkolaataa guddaa caalaa dinagdee guddaa qaba.,Business/Economy
ቶም ሻወር አልወሰደም።,Toom dhaqna isaa hin dhiiqanne.,Health/Medical
ቶም ሊደበድብህ ነው።,Toom si reebuuf deema.,General
ያንን ታጥበው ነበር፧,Sana dhiqatanii turan?,General
ስለኔ ምንም ደንታ የለሽ ሆኖ ይሰማኛል።,Waa'ee koo homaa waan dhimma hin qabnee ta'ee natti dhagahama.,Agriculture
ያደግኩት ከዚህ ብዙም ሳልርቅ ነው።,Kanan guddadhee as irraa baay'ee osoo hin fagaatiinidha.,Health/Medical
ቆንጆ ቢራቢሮ ያዝኩ።,Billaacha bareedduu nan qabadhe.,Government
ዝም ብየ መሄድ አልችልም።,Callisee deemuu hin danda'u.,General
እሱ ጀብዱ ይወዳል።,Inni waan sodaachisaa ni jaallata.,General
ለመጠገን ከመሞከር ይልቅ አድስ መግዛት የተሻለ ይሆናል።,Suphuuf yaaluu mannaa haaraa bitachuu wayya.,General
የሆነ ነገር እየደበቅከን ነው፧,Waan ta'ee nu dhoksiaa jirtaa?,General
በ86 አመታቸው በአልጋ ላይ በሰላም አረፉ።,Umurii isaa waggaa 86tti siree irra nagaadhaan boqotan.,Government
ደብዳቤ ደረሰኝ።,Xalayaan na qaqqabe.,General
ፓሪስ በአለም ላይ ካሉ ትልልቅ ከተሞች አንዷ ናት።,Paaris magaalota gurguddoo addunyaarra jiran keessaa ishee tokkodha.,General
ብዙም ሳይቆይ ከእነሱ ጋር ተገናኘን።,Utuu baayʼee hin turin isaan waliin wal argine.,Religion
አንተ ከእነርሱ አንዱ አይደለህም እንደ፧,Ati isaan keessaa tokko mitii?,General
መጽሃፉን አዘዋል፧,Kitaabicha ajajjaniittuu?,General
ልታናግረኝ ትፈልጋለህ ወይስ አትፈልግም፧,Na haasofsiisuu barbaadda moo hin barbaaddu?,General
ምን እየተፈጠረ እንዳለ ያውቃሉ።,Maaltu uumamaa akka jiru ni beeku.,General
ገና አልደረሰም።,Qilleen hin geenye.,Religion
ሰማዩ ሰማያዊ የሆነው ለምንድን ነው፧,Samiin maaliif halluu cuquliisa qabaatee?,General
አደጋ ላይ ሲሆኑ ይሸሻሉ።,Yeroo balaan isaan mudatu ni baqatu.,General
መግባት እንችላለን፧,Galuu ni dandeenyaa?,General
ከጓደኛው ጋር ቃል ነበረው ከዚያም መታው።,Hiriyaa isaa waliin jecha qaba ture achiis isa rukute.,General
ቶም ልረዳህ አልችልም።,Si gargaaruu hin danda'u Toom.,General
ጥሩ እንደሆንክ ተስፋ አደርጋለሁ።,Akka ati gaarii taate abdiin qaba.,General
ታላቅ ወንድሙን የቤት ስራቸውን እንድሰሩ እንድረዳቸው ጠየቁት።,Obboleessii isaa angafni hojii manaa isaanii akka hojjetan akka isaan gargaaru isa gaafatan.,General
ቶም አሁንም ውጭ ነው።,Toom ammallee ala jira.,General
በየሁለት ቀኑ እደውላለሁ።,Guyyaa lama lamatti nan bilbila.,General
የእናቴ ምግብ ናፈቀኝ።,Nyaata haadha koo nan yaade.,General
እጆቹን አጣጥፎ ሶፋው ላይ ተቀመጠ።,Harka isaa dachaasee soofaa irra taa'e.,General
የወይን ጠጅ ግድ የለኝም።,Daadhii Wayiniif dhimma hin qabu.,General
መሞቱን ስሰማ በጣም ተነካሁ።,Du'a isaa yeroon dhaga'u baay'een tuqame.,General
ይህን ስራ ዛሬ መስራት አለብኝ።,Hojii kana har'a hojjechuun qaba.,General
ባቀረቡት ሃሳብ እስማማለሁ።,Yaada dhiheessitan irratti nan walii gala.,General
ከዚህ በፊት የሆነ ቦታ እንደሰማሁት ይሰማኛል።,Kanaan dura bakka tokkotti akkan dhaga'e natti dhagahama.,General
ይህ ጥሩ ሃሳብ እንደሆነ እርግጠኛ አይደለሁም።,Kun yaada gaarii ta'uu isaa mirkanaa'aa miti.,General
ምን ፈርተሃል፧,Maal sodaatteettaa?,General
እዚህ ለጥቂት ደቂቃወች እቆያለሁ።,Daqiiqaa muraasa as nan tura.,General
ሁሌም አብረን ነበርን።,Yeroo hunda waliin turre.,General
በዚያ ቤት ውስጥ ማን እንደሚኖር አውቃለሁ።,Mana sana keessa eenyu akka jiraatu nan beeka.,General
በመጨረሻው ግጥሚያ ይደሰት ይሆን ብየ አስባለሁ።,Tapha isa dhumaa kana itti gammadee laata jedheen yaada.,General
ነገሮችን የመርሳት ዝንባሌ አለህ።,Amala dagannaa wantootaa qabda.,General
ብዙ ተስፋወች ተሰጥተዋል።,Abdiiwwan hedduun kennamaniiru.,General
ቶም መዋኘት እንደማይችል ሁላችንም እናውቃለን።,Toom bishaan daakuu akka hin dandeenyee hundii keenya ni beekna.,General
ውሾች ብልህ ናቸው።,Saroonni qaroodha.,General
ለአንገት ሃብል እናመሰግናለን።,Dirata mormaaf galatoomaa.,General
በዚህ ሰአት በእርግጠኝነት በሞቀ ገላ መታጠቢያ ትዝናናለች።,Sa'aatii kanatti dhiqannaa ho'aa akka itti gammaddu mirkana'aadha.,General
ዛፉን የተከለው ማን ነው፧,Eenyutu biqiltuu kana dhaabe?,General
በእርግጠኝነት አልጸጸትምም።,Ani akkan hin gaabbine mirkanaa'aadha.,General
ሊንከን በ1860 ፕሬዝደንት ሆኖ ተመረጠ።,Liinkan bara 1860tti Pirezidaantii ta'ee filatame.,Agriculture
እርስወ በጣም መተንበይ ይችላሉ።,Isin sirriitti tilmaamamuu dandeessu.,General
ዛሬ ጠዋት እንግዳ የሆነ የስልክ ጥሪ ደረሰኝ።,Har'a ganama bilbilli haaraa naaf bilbilame.,General
ቶም ማርያምን በስልክ አነጋግሯታል።,Toom bilbilaan Maariyaam waliin haasa'e.,Religion
በድንገት ሃይለኛ ዝናብ መዝነብ ጀመረ።,Akka tasaa roobni baay'ee cimaan roobuu jalqabe.,Agriculture
ብዙውን ጊዜ በዚህ ክፍል ውስጥ እንተኛለን።,Yeroo baay'ee kutaa kana keessa rafna.,Education
ቶም በመስኮቱ ውስጥ ተመለከተ።,Toom foddaa keessaan ilaale.,General
ለጥቂት ሰወች መሰናበት አለብኝ።,Namoota muraasaaf nagaa dhaamuun qaba.,General
ጨዋታውን ማሸነፉ አይቀርም።,Tapha kana injifachuun isaa hin oolu.,General
ልታሳልፈኝ ትችላለህ፧,Na dabarsuu dandeessaa?,Health/Medical
እሷ ሪፖርት መጻፍ ችላለች፧,Isheen gabaasa barreessuu dandeessettii?,Government
ምልክቴን ከአንተ እወስዳለሁ።,Mallattoo koo siirraan fudhadha.,General
ስራ የበዛበት ምሽት ነበር።,Halkan hojiin itti baay'ate ture.,General
ለመንዳት በጣም ተኝቻለሁ።,Oofuuf baay'ee rafeera.,General
በሚቀጥለው ሳምንት ዝግጅት ሊያደርጉ ነው።,Torban dhufu qophii gochuuf jiru.,General
በአንተ በጣም ደስተኛ ነኝ።,Ani sitti baay'ee gammadeera.,General
ያንን አልወደውም።,Isa sana hin jaalladhu.,General
ፖሊስ ውጭ ነው።,Poolisiin ala jira.,Government
በመጨረሻ ህጻኑ ተኝቷል።,Dhumarratti daa'imni sun rafeera.,General
ብረት በስፋት እንደገና ጥቅም ላይ ይውላል።,Sibiilli bal'inaan irra deebi'ee faayidaarra oola.,Religion
እባክህ ፎቶህን እንዳነሳ ፍቀድልኝ።,Maaloo suuraa kee akkan kaasuu naaf hayyami.,General
ከእሷ ጋር ወደ ሃዋይ መሄድን መቸም አልረሳውም።,Ishee waliin gara Hawaayi deemuun yoomiyyuu hin dagadhu.,General
እሷ በብዙ መልኩ ከእኔ ጋር ትመሳሰል ነበር።,Isheen karaa hedduudhaan na waliin walfakkaatti turte.,General
ቀላል ያደርገዋል።,Salphaa isa taasisa.,General
ዝናብ ቢዘንብም ወጣ።,Roobni roobus ni ba'e.,Agriculture
ፈረንሳይኛ ለመማር ምርጡ መንገድ ምንድነው፧,Afaan Faransaayii barachuuf karaan gaariin maaliidha?,Education
ቶም መኪናውን ከማርያም ቤት ጀርባ አቆመ።,Toom konkolaataa isaa mana Maariyaam duuba dhaabe.,Religion
ይህን እስካሁን አይተሃል፧,Kana hanga ammaatti argiteettaa?,General
ቶም ምላሽ እንድሰጥ እፈቅዳለሁ።,Toom deebii akka kennu nan hayyama.,General
የተሻሉ አማራጮች አሉ፧,Filannoowwann kana caalan ni jiruu?,General
ሂደቱ ሙሉ በሙሉ በራስ-ሰር ነው።,Adeemsi kun guutummaatti ofumaan kan hojjetamudha.,General
ሁሉም ነገር ደህና ሆነ።,Wanti hundi gaarii ta'e.,General
ያ በጣም ረጅም ጊዜ ይወስዳል።,Sun yeroo baay'ee dheeraa fudhata.,General
ሴትዮዋን ሰላምታ ሰጠቻት።,Dubartii sana nagaa gaafatte.,Government
ተማሪወቹ የተሰላቹ ይመስላሉ።,Barattoonni waan nuffan fakkaatu.,Education
ወደ ከተማው የሚያመራ አይመስልም።,Gara magaalatti waan qajeelchuu hin fakkaatu.,General
በሰራተኞቹ ፊት አደረጉ።,Hojjetoota fuulduratti raawwatan.,General
እኛ አዋቂወች የልጆችን የማሰብ እና የመፍጠር ችሎታ ማጥፋት የለብንም።,Nuti ga'eessonni dandeettii yaaduu fi kalaquu ijoollee balleessuu hin qabnu.,General
የሚቻል ይመስለኛል።,Waan danda'amuu natti fakkaata.,General
ማናችንም ብንሆን መልሱን አናውቅም።,Eenyuu keenyayyuu taanuu deebii isaa hin beeknu.,General
ቶም ያለፈውን ሳምንት በቦስተን ከአሊስ ጋር እንዳሳለፈ ካወቀች ሜሪ ምን እንደምትል ገመተች።,Toom torban darbe Aliis waliin Booston keessa akka dabarse yoo beektee Meeriin maal akka jettuu tilmaamte.,Health/Medical
ያንን ማድረጌን አላስታውስም።,Akkas gochuu koo hin yaadadhu.,General
በአንድ ጊዜ እርምጃ መውሰድ አለብን።,Yeroo tokkotti tarkaanfii fudhachuu qabna.,General
አክስቴ ወረቀቶቹን ስታነብ መነጽር ትለብሳለች።,Adaadaan koo yeroo waraqaa dubbistu golgituu ijaa ni uffatti.,Government
ኩባንያ ያለን ይመስላል።,Dhaabbata waan qabnu fakkaata.,Business/Economy
ስንት ሰአት ትመለሳለህ፧,Sa'aatii meeqatti deebitaa?,General
ሶስት እህቶች አሉኝ።,Obboleettiiwwan sadiin qaba.,General
እንደ አንድ ደንብ ከስምንት ሰአት በፊት ወደ ትምህርት ቤት እሄዳለሁ።,Akka dambii tokkootti sa'aatii saddeet dura mana barumsaa nan deema.,Education
ዛሬ ማታ እንግዳ እንድትሆኑልኝ እመኛለሁ።,Halkan kana keessummaa koo akka taatan nan hawwa.,General
ጫካ ውስጥ ጠፍተዋል።,Bosona keessaa badaniiru.,General
በጀርባየ ካለው ህመም ጋር መኖርን ተምሬያለሁ።,Dhukkubbii dugda koo keessa jiru waliin jiraachuu baradheera.,Health/Medical
ቶም ስለ ውጤቶቹ አልተጨነቀም።,Toom waa'ee qabxii isaa hin yaaddofne.,General
ቶም በአባቶች ቀን ለአባቱ እኩል ሰጠው።,Toom guyyaa abbootii abbaa isaatiif qixxee kenne.,Religion
ሁለታችሁም በአለም ውስጥ ደስታን እንድታገኙ እመኛለሁ።,Lamaan keessan iyyuu gammachuu addunyaa kana keessatti akka argattan nan hawwa.,General
ቶም ስለ ጸሃይ ስርአት አንድ ጽሁፍ አነበበ።,Toom waaʼee sirna aduu kitaaba tokko dubbise.,General
እንድታድግ እፈልጋለሁ።,Akka ati guddattu nan barbaada.,General
ኮፍያየን አውልቄ ቤተክርስቲያን ገባሁ።,Baarneexaa koo ofirraa baasee mana kiristaanaa seene.,Religion
ይህን ቀለም ይወዳሉ፧,Halluu kana ni jaallattuu?,General
ቶም ጠፍተዋል፣ ማርያም ግን የለችም።,"Toom badeera, Maariyaam garuu hin jirtu.",Religion
ከወትሮው በበለጠ ፍጥነት ተጓዝን።,Saffisa yeroo kaan irra caaluun ni imalle.,General
ሊያገባት አስቦ ነበር።,Ishee fuudhuuf yaadee ture.,General
እኔ እዚህ መሆኔን ሌላ ማን ያውቃል፧,As akkan jiru kan biraa eenyutu beeka?,General
እሱ ከእኛ አጠገብ ይኖራል።,Inni mana nu cinaa jiraata.,Education
ብዙ የምለው አለኝ።,Waan jedhuu baay'een qaba.,General
ጋዜጣ እያነበበ ነበር።,Gaazexaa dubbisaa ture.,General
በጀመረችው ቢዝነስ እጇን አስረክባ ገንዘብ እያገኘች ነው።,Daldala isheen jalqabde kanaan harka wal qabatee maallaqa argachaa jirti.,Business/Economy
ሁሉም ወጡ።,Hundii isaanii ni bahaan.,General
ቶም ፕሮግራሚንግ እየተማረ ነው።,Toom sagantaa qopheessuu barachaa jira.,General
መሬቱ ከበርካታ ቀናት ዝናብ በኋላ በውሃ ተጥለቀለቀ።,Lafti kun rooba guyyoota hedduu booda bishaaniin guutameera.,Agriculture
ቶም ስህተት ላይሆን ይችላል።,Toom dogoggora taʼuu dhiisuu dandaʼa.,General
እስከ ነገ ምሽት እጠብቃለሁ።,Hanga boruu galgalaatti nan eega.,General
ገንዘብ አበድራለሁ።,Maallaqa nan liqeessa.,Business/Economy
መኪናየን የማጠብበት ጊዜ አሁን ይመስለኛል።,Yeroon konkolaataa kooitti dhiquu amma natti fakkaata.,General
ቶም ትናንት ከማርያም ጋር ተነጋገረ።,Toom kaleessa Maariyaami waliin haasa'e.,Religion
ቶም አይኑን ጨፍኖ እንደተኛ አስመሰለ።,Toom ija isaa cufatee waan rafee jiru fakkeesse.,General
ይህንን ለመቀበል ከሚፈልጉት በላይ የሚፈልጉት ይመስለኛል።,Kana fudhachuuf kan barbaaddan caalaa waan barbaaddan natti fakkaata.,General
ጥቂት ሩዝ ይፈልጋሉ፧,Ruuzii muraasa barbaadduu?,Agriculture
ቶም ለማርያም ምን ማድረግ እንዳለባት ለመንገር ሞከረች።,Toom maal gochuu akka qabdu Maariyaamitti himuuf yaale.,Religion
እባክህ እረፍት ስጠኝ።,Maaloo boqonnaa naaf kenni.,Education
ሁሉም ሰው ለእሷ ተግባቢ ነው።,Namni hundi isheef michuudha.,General
ቶም በማርያም ስራ አልረካም።,Toom hojii Maariyaamiitti hin quufne.,Religion
እንደት ሊሆን እንደሚችል እየጠየቀች ነው።,Akkamitti ta'uu akka danda'u gaafachaa jirti.,General
ጮክ ብሎ መናገር አያስፈልግም።,Iyyanii dubbachuun hin barbaachisu.,General
ይህን ክፍል ወድጀዋለሁ።,Kutaa kana jaalladheera.,Education
አማራጮችን እያጣራሁ ነው።,Filannoowwan sakatta'aan jira.,General
በመርከብ እየተጓዝን ነበር።,Dooniin deemaa turre.,General
በቀይ የተሰመሩት ሁሉም ቃላት የፊደል አጻጻፍ መረጋገጥ አለባቸው።,Jechoonni diimaan jala sararaman hundi qubeen isaanii sakatta'amuu qabu.,General
ምንም አይነት ከባድ አደጋወች አላጋጠሙንም።,Balaan gurguddaa nu mudate hin jiru.,General
አይኖቸን ማመን አቃተኝ።,Ija koo amanuu dadhabe.,General
ቶም እንደሞላ ነገረኝ።,Toom akka guute natti hime.,General
የመጨረሻወቹ ቀናት የት ነበርክ፧,Guyyoota dhumaa eessa turtan?,General
ወደ ውጭ አገር ሄደው ያውቃሉ፧,Biyya alaa deemtanii beektu?,General
በጫካ ውስጥ ብቻውን ይኖራል።,Kophaa isaa bosona keessa jiraata.,Education
ምን አይነት ምግብ በልተሃል፧,Nyaata akkamii nyaatte?,General
ዛሬ ትመጣለህ ብየ አስብ ነበር።,Har'a ni dhufta jedhee yaaden ture.,General
መቸ እንደሚመጣ በትክክል አላውቅም።,Yoom akka dhufu sirriitti hin beeku.,General
መመረጥ ከፈለግክ ህዝባዊ ገጽታህን ማሻሻል አለብህ።,"Yoo filatamuu barbaadde, ilaalcha uummatni siif qabu fooyyeffachuu qabda.",General
ነፋሱ የመስኮቱን መስኮቶቹን አንኳኳ።,Qilleensi sun foddaa sana ni raase.,General
ጨዋታ አይደለም።,Tapha miti.,General
በቀል እፈልጋለሁ።,Haaloo bahuun barbaada.,General
ምን ማድረግ እንደምፈልግ እስካሁን አላውቅም።,Ammatti maal gochuu akkan barbaadu hin beeku.,Health/Medical
እንዳትንቀሳቀስ ነግሬሃለሁ።,Hin socho'in sitti himeera.,General
ደሜን መመርመር እፈልጋለሁ።,Dhiigni koo akka qoratamu nan barbaada.,General
ብዙ አልተናገርክም፧,Baay'ee hin dubbannee?,General
ያ ሰውየ ማን እንደሆንኩ ጠየቀኝ,"Namichi sun eenyu akkan ta'e na gaafate,",General
ነገርግን ለዚህ ጥያቄ መልስ መስጠት አስፈላጊ ነው ብየ አላሰብኩም ነበር።,garuu gaaffii sana deebisuun barbaachisaadha jedhee hin yaadu.,Education
ቀዩን ጃኬቱን አልወደውም።,Jaakkeetii diimaa sana hin jaallanne.,General
ምን እንዳደርግ እንደምትፈልግ ንገረኝ።,maal gochuu akka barbaaddu natti himi.,Health/Medical
ምንም ይሁን ምን እደግፍሃለሁ።,Waan fedhe haa ta'u sin deeggara.,General
ጫና ላደርግብህ አልፈልግም።,Dhiibbaa sirratti gochuu hin barbaadu.,General
እወድሃለሁ ቶም,Si jaalladha Toom.,General
መጠጥ እገዛሃለሁ።,Dhugaatii siifan bita.,General
ለዚህ ማን እንደከፈለ ማወቅ እፈልጋለሁ።,Kanaaf eenyu akka kaffale beekuu barbaada.,General
እሱ በኪዩሹ ትንሽ መንደር ውስጥ ይኖራል።,Inni ganda xiqqoo Kyushu keessa jiraata.,Education
ያመለጠው ወንጀለኛ የታጠቀ እና አደገኛ ነው።,Yakkamaan miliqe kan hidhatee fi rakkisadha.,General
ያ ቆንጆ ቀይ ጭንቅላት ማን ነው፧,Rifeensi diimaan bareedaan sun eenyu?,General
ቲዩበርክሎዝ አለብኝ።,Dhukkuba tiruu qaba.,Health/Medical
ለቅድመ ትምህርት ቤት ልጆች መግቢያ ነጻ ነው።,Daa'imman mana barumsaa duraatiif seensi bilisa.,Education
ቶም ማርያምን ለመርዳት አለ።,Toom Maariyaam gargaaruuf jira.,Religion
አንድ ደቂቃ እንኳን ማባከን አንችልም።,Daqiiqaa tokkollee qisaasessu hin danda'u.,General
ልስምሽ ምንም አይደለም፧,Yoon si dhungadhe homaa mitii?,General
እኛ አረመኔወች አይደለንም።,Nuti hamoota miti.,General
ሃኪም ማየት ያስፈልጋል።,Doktorri ilaaluun barbaachisaadha.,Health/Medical
እሱ ሁልጊዜ እዚያ ይኖራል።,Inni Yeroo hundumaa achi jiraata.,Education
እሱን ማየት ለናንተ አስፈላጊ ይመስለኛል።,Isa arguun sinif barbaachisaa natti fakkaata.,General
ሁለቱ ወንድማማቾች በፖድ ውስጥ እንደ ሁለት አተር ናቸው።,Obbolaan lamaan kun akka baaqelaa lamaa pod keessaa ti.,Agriculture
እንደት ስልኩን ዘጋችህ፧,Akkamitti bilbila sirratti cufte?,General
በአድሱ ልብሷ በጣም ቆንጆ ሆና ታየች።,Uffata ishee haaraadhan baayyee bareedduu fakkaatte.,General
ቶም ተሳዳቢ ነው።,Toom nama arrabsa.,General
ፈረስ በጣም በፍጥነት መሮጥ ይችላል።,Fardi baayyee saffisaan fiiguu danda'a.,Agriculture
ጥር የአመቱ የመጀመሪያ ወር ነው።,Amajji ji'a jalqabaa waggaati.,Government
ሰራተኞቹ ጸጉራቸውን አጭር ማድረግ አለባቸው።,Hojjettoonni rifeensa isaanii gabaabsuu qabu.,General
ቁልፉን አመጣህ፧,Furticha fiddee?,General
ቶም የሃኪም ረዳት ነው።,Toom gargaaraa ogeessa fayyaati.,Health/Medical
ከሁለቱ አንዱን መምረጥ ነበረብኝ።,Lamaan keessaa tokko filachuun qaba ture.,General
አንድ የሚያመሳስለን ነገር ያለን ይመስለኛል።,Waan tokko nu fakkeessu qabna jedheen yaada.,General
ቴሌቭዥን እየተመለከትኩ ነበር ስልኩ ሲደወል።,TV ilaalaan ture bilbilli yeroo bilbilame.,General
ዛሬ ስራ አልበዛበትም።,Har'a hojiin natti hin baay'atu.,General
ይህ የማህጆንግ ነው።,Kun mahjong dha.,General
ቶም የ33 አመት ሰው ነው።,Toom nama ganna 33 ti.,General
ወደ ባህር ዳርቻ መሄድ ወይም ተራራ መውጣት እንችላለን።,Gara qarqara galaanaa deemuu ykn gaaratti ol bahuu dandeenya.,General
ሁለቱንም ማድረግ አንችልም።,Lamaanuu gochuu hin dandeenyu.,General
ዛሬ ማታ ከቤት ውጭ እንብላ።,Mee galgala kana alaa baanee haa nyaannu.,Agriculture
ትኩሳት አለብህ።,Ho'a qaamaa qabda.,Health/Medical
ማርያም የቶም ሚስት አይደለችም።,Maariyaam haadha manaa Toomii miti.,Religion
ያስፈልገን ነበር።,Nu barbaachisee ture.,General
በስድስት ሰአት ወደዚህ መምጣት አለበት።,Sa'aatii jahatti as dhufuu qaba.,General
ያ ያንተ ስራ አይደለም።,Sun hojii kee miti.,General
መዋጋት ካላቆምክ ለፖሊስ እደውላለሁ።,Lola hin dhiiftan taanan poolisiittan bilbila.,Government
ነገሮች መጥፎ ይሆናሉ።,Wantoonni jibbisiisoo ni ta'u.,General
ደህና፣ ቶም፣ ልክ ነበራችሁ።,"Nagaa, Toom, sirrii turtan.",General
እዚህ እንደደረስክ ከእኔ ጋር ተገናኝ።,Akkuma as geesseen na qunnami!.,Religion
ቶም በጣም እንደደነገጠ አውቃለሁ።,Toom baay'ee akka rifate nan beeka.,General
ቶም ወደ አውስትራሊያ የሄደው በሰላሳ አመቱ ነበር።,Toom yeroo umuriin isaa waggaa soddoma ta'u gara Awustiraaliyaa deeme.,General
እሷ እንደ መጥረጊያ ዱላ ቀጭን ነች።,Isheen akka ulee harataa qallatti.,General
ለተጨማሪ ጥቂት ሳምንታት እቆያለሁ።,Torban muraasa dabalataaf nan tura.,General
እንደዚህ አይነት ነገር በጭራሽ አላደርግም ነበር።,waan akkasii gonkumaa hin godhun ture.,General
ከአምስት ቀን በፊት አይቻታለሁ አለ።,Guyyaa shan dura ishee argeera jedhe.,General
ቶም በአሸዋ ውስጥ ቤተመንግስት ገነባ።,Toom cirracha keessatti masaraa mootummaa ijaare.,Government
የሰማሁህ መሰለኝ።,waanan si dhaga'e natti fakkaata.,General
አሁን እርስወን ለመርዳት ጊዜ የለኝም።,Amma yeroon si gargaaru hin qabu.,General
ወደዚያ እንሄዳለን ወይም አንሄድም የሚለው ውሳኔ የእርስወ ነው።,Achi ni deemna yookin hin deemu jechuuf murteen kan keessan,Government
እንድንረዳው ጠየቀን።,Akka isa gargaarru nu gaafate.,General
ሄሊኮፕተሩ በህንጻው ላይ አንዣበበ።,Helikooptarri kun gamoo sanarra balali'aa ture.,General
ወደ ቤት ልሂድ፧,Manatti deebi'uu danda'aa?,General
ከጓደኛሞች በላይ መሆን እፈልጋለሁ።,Hiriyyoota caalaa ta'uun barbaada.,General
ለትንሽ ጊዜ እንውጣ።,Mee yeroo muraasaaf haa baanu.,General
ቶም እዚህ ያለው ማርያምን ማነጋገር ስለፈለገ ነው።,Toom As kan jiru Maariyaam wajjin haasa'uu waan barbaaduuf.,Religion
ሁሉም በአንድ ጊዜ ፍንዳታ ተፈጠረ።,Hunduu Yeroo tokkotti dhohinsa uume.,General
ችግሩን እናስተካክላለን።,Rakkoo jiru ni sirreessina.,General
ደብዳቤውን ለአክስቴ ጻፍኩት።,Xalayaa sana adaadaa kootifan barreesse,Government
ወንድምህ ማነው፧,Obboleessi kee eenyu?,General
ሰአቴ የተሰበረ ይመስላል።,Sa'aatiin koo waan cabe natti fakkaata.,General
መኪና መንዳት ለመማር የተወሰነ ጊዜ ወስዶብኛል።,Konkolaachisummaa barachuun yeroo murtaa'e natti fudhatera.,Education
ያ ፍጹም የተለመደ ነበር።,Sun waan guutummaatti baratame ture.,General
መኪናው አሸዋውን መሬት ላይ ጣለው።,Konkolaatichi Ashawaa sana lafatti gate.,Agriculture
ለዚህ ተጠያቂ ነኝ ቶም።,"Kanaaf itti gaafatamadha ani, Toom.",General
ተራበህ እንደሆነ እጠይቃለሁ።,Beeloftee jirtaa jedheen gaafadha.,General
መግባት አለብህ።,Galuu qabda.,General
የልደት ቀን ስጦታ ከመስጠት ወደኋላ አይልም።,Kennaa guyyaa dhalootaa kennuu irraa duubatti hin jedhu,Religion
ከአንድ ሰአት በኋላ መልሸ እደውልልሃለሁ።,Sa'aatii tokko booda deebisee siif bilbila.,Business/Economy
ወንድሙ ከሱ የበለጠ ታጋሽ ነው።,Obboleessi isaa isa caalaa obsa qaba.,General
ለማን ነው ማነጋገር የምትፈልገው፧,Eenyu waliin haasa'uu barbaadda?,General
ስንት ተጫዋቾች አሉ፧,Taphattoota meeqatu jira?,General
ለዚያ ፖለቲከኛ ብዙ ገንዘብ ሰጥቷቸዋል።,Nama siyaasaa sanaaf qarshii hedduu kenne.,Government
የደከመኝ ይመስለኛል፧,Dadhabe natti fakkaata?,General
በቡድኑ ውስጥ ያለው ማነው፧,Garee kana keessa eenyutu jira?,General
ቶም አሁን መልስ ሊሰጥህ አይችልም።,Toom amma deebii siif kennuu hin danda'u.,Education
ሁሉም ማለት ይቻላል ተሳትፏል።,Hundi jechuun ni danda'ama hirmaateera.,General
ንባብ የአካል ብቃት እንቅስቃሴ ለሰውነት ምን ማለት እንደሆነ ለአእምሮ ነው።,Dubbisuun sammuuf sochiin qaamaa qaamaaf maal akka ta'edha.,General
ቢመጣም ባይመጣም ለውጥ አያመጣም።,"Dhufus, dhiisus garaagarummaa hin qabu.",General
አብረን ብዙ ጊዜ እንድናሳልፍ እመኛለሁ።,Waliin yeroo heedduu aakka dabarsinu nan amana.,Health/Medical
እንደማይመስል አውቃለሁ,Akka hin fakkaanne nan beeka,General
ነገር ግን ብዙ ነገሮችን ከትርፍ ክፍሉ አስወግጃለሁ።,garuu kutaa dabalataa keessaa waan baay'ee hambiseera.,Business/Economy
እርስ በርሳቸው ይደሰታሉ።,Walitti gammadu.,General
ያንን ሹራብ ጨርሰውታል፧,Shurraaba sana xumurteettaa?,General
የዋህ ነበርኩ።,Ani Tasgabbaa'aa ture.,General
እናንተ ሰወች ነጭ ወይን ይወዳሉ፧,Jarreen wayinii adii ni jaallattu?,General
ማን እየነዳ ነበር፧,Eenyuutu konkolaataa oofaa ture?,General
ደንበኛ ስላልነበረን ሱቁን ቀድመን ዘግተናል።,Maamiltoota waan hin qabneef dafnee suuqicha cufne.,Agriculture
ወደ ቤት ከመሄደ በፊት ይህን ለማድረግ እሞክራለሁ።,Osoon gara manaatti hin deemin dura akkas gochuuf nan yaala.,General
ይህ ህመም ለምን ያህል ጊዜ ቆየህ፧,Dhukkubbiin kun yeroo hammamiif sirra ture?,Health/Medical
አልጠፋሁም።,Ani hin bade.,General
ስለ ሁሉም ነገር እና ምንም ነገር ተነጋገርን።,Waa'ee waan hundumaa fi waa'ee homaa hin haasofne.,General
ሰውየው ሃላፊነት የጎደለው ነኝ በማለት ከሰሰኝ።,Namichi itti gaafatamummaa hin qabu jedhee na himate.,General
አንድ ቱሪስት ከገደል ላይ ወድቆ ህይወቱ አለፈ።,Turistiin tokko qarqara bowwaa irraa kufee lubbuun isaa darbe.,General
ለአባትህ ልትጽፍ ነው፧,Abbaa keetiif barreessuuf jirtaa?,Religion
ሃብታም ይመስላል።,Sooressa fakkaata.,General
ያ ችግር ለውይይት ጋብዟል።,Rakkoon sun mariif affeerera.,General
ግን ወደ ቤተ ክርስቲያን እንድንገባ ያደርገናል።,Garuu waldaa keessa akka seennu nu taasisa.,Religion
ወደ ፓርቲየ ማን እንደምጋብዝ መወሰን አልችልም።,Paartii kootti eenyuun akkan affeeru murteessuu hin danda'u.,Government
ቶም ስራወችን ቀይረዋል።,Toom hojii jijjiire.,General
መማጸን ምንም አይጠቅምም ምክንያቱም በጭራሽ አይሸነፍም።,Yoomiyyuu harka hin kennan waan ta'eef kadhachuun faayidaa hin qabu.,General
በእሷ ቦታ ብሆን ኖሮ እስካሁን ተስፋ አልቆርጥም ነበር።,Osoon bakka ishee ta'ee ammallee abdii hin kutadhu ture.,General
ከሶስት አመታት በፊት ቶምን መርጫለሁ።,Waggaa sadii dura Toomiin filadheera,General
ይህንን መንገድ ከተከተሉ ወደ ጣቢያው ይደርሳሉ።,Daandii kana yoo hordoftan buufata sana ni geessu.,General
እጀን ይዛኝ ወደ ቤት እንዳልሄድ አቆመችኝ።,Harka koo qabdee gara manaatti akkan hin deemne na dhoorkite.,General
ወደዚህ በመጎተትህ አዝናለሁ።,Gara kanatti si harkisuu kootif nan gaddda,General
ያንን ለማድረግ እያሰቡ ነው ብየ አላምንም።,Akkas gochuuf yaadaa akka jiran amanuu hin danda'u.,Agriculture
እዚህ ይጠብቁ።,Asitti eegaa.,General
በዘፈቀደ መረጣቸው።,Akka tasaa isaan filate.,General
እነዚያ የእርስወ አማራጮች ናቸው።,Isaan sun filannoowwan kee ti.,General
ያ አውቶብስ የት ነው የሚሄደው፧,Atoobisiin sun eessa deema?,General
በጃፓን ፔንግዊንን እንደ የቤት እንስሳ የሚይዙ ሰወች እንዳሉ ሰምቻለሁ።,Jaappaan keessatti namoonni peenguwaanii akka bineensa manaatti kunuunsan akka jiran nan dhaga'a.,General
ሁላችሁም ለምን ትስቃላችሁ፧,Hundi keessanuu maaliif kolfitan?,General
ጸሃይ ብርሃን እና ሙቀት ይሰጠናል።,Aduun ifaafi ho'a nuuf kenniti.,Business/Economy
ሃሚንግበርድ ከቢራቢሮ አይበልጥም።,Hummingbird billaacha hin caaltu.,Government
ፈረንሳይኛ እየተማርክ ነው፧,Afaan Faransaayii barachaa jirtaa?,Agriculture
መግዛት ያለብኝ አንድ ብቻ ነው።,Bitachuu kanan qabu tokko qofadha.,General
አብረን እንስራ።,Waliin haa hojjennu.,General
እኔ ዝም ያለ አሮጌ የቢሮ ሰራተኛ ነኝ።,Ani hojjetaa waajjira dulloomaa callisaa dha.,Government
ያ በጭራሽ ሊሆን አይገባም።,Sun gonkumaa ta'uu hin qabu ture.,General
መምህሩ ከባድ ጥያቄ ጠየቀኝ።,Barsiisaan gaaffii ulfaataa na gaafate.,Education
ሰው የሚስቅ ብቸኛው እንስሳ ነው።,Nama qofatu bineensa kolfudha,General
መንፈስን የሚያድስ ነው።,Hafuura namaa kan haaromsudha,Religion
የአበባ ማስቀመጫ በውሃ ሞላሁ።,Teessuma Abaaboo bishaaninan guute,General
ሁሉም ሰው የትርፍ ጊዜ ማሳለፊያ ያስፈልገዋል።,Namni kamiyyuu yeroo boqonnaa isaa iddoo itti dabarsu isa barbaachisa.,Agriculture
ከዚያን ጊዜ በፊት አባቴን ሲያለቅስ አይቸው አላውቅም።,Yeroo sana dura abbaan koo utuu boo'u argee hin beeku.,Religion
እንደት ያለ ሞኝነት ነው!,Akka malee gowwummaadha!,General
ወደዚህ መጥተህ ተቀመጥ።,As kottuu taa'i.,General
በጣም አሳዛኝ ምክር ነው።,Gorsa baayyee nama gaddisiisudha.,General
ይህ በትክክል ያሰብኩት አይደለም።,Kun sirriitti waanan itti yaade miti.,General
አንዳገዘህ ተፈቅዳለህ፧,Akkan si gargaaru siif Hayyamamaa?,General
ሴት ልጁ፣ እንድሁም ልጁ፣ ታዋቂ ነበሩ።,"Intalli isaa, akkasumas ilmi isaa beekamoo turan.",General
ያ በጣም አስፈላጊ ይመስላል።,Sun baayyee barbaachisaa fakkaata.,General
መድሃኒቱን እንድወስድ መከረችው።,Isheen qoricha kana akka inni fudhatu gorsite.,General
ሁልጊዜ የሚያምሩ ጥንዶችን ታደርጋለህ ብየ አስብ ነበር።,Yeroo hundumaa hiriyoottan gaa'elaa ni mimmidhagsita jedheen yaada ture.,General
ከመውጣት ይልቅ ቤት ቀረሁ።,Ba'uu dhiiseen mana ture.,General
ሰወች ሁል ጊዜ እውነትን አይናገሩም።,Namoonni yeroo hunda dhugaa hin dubbatan.,Religion
ሌሎች ደግሞ በአውቶቡስ ይሄዳሉ።,kanneen ammoo Atoobisiiidhaan deemu.,General
አንዳንዶቹ በብስክሌት ወደ ትምህርት ቤት ይሄዳሉ፣,Tokko tokkoo biskileetiidhaan gara mana barumsaa deemu.,Education
ይህን ካንተ የበለጠ ረዘም ላለ ጊዜ ቆይቻለሁ።,Ani si caalaa yeroo dheeraa kanarra turera.,General
ቶም ስለ ማርያም ምንም የሚያውቀው ነገር እንደሌለ ተናግሯል።,Toom waa'ee Maariyaam homaa akka hin beekne dubbateera,Religion
መዋኘት እንደት ነው፧,Daakuun akkamidha?,General
ዩንቨርስቲ ጨርሰሃል፧,Yuunivarsiitii xumurteettaa?,General
እኔና እሱ ጓደኛሞች ነን።,Aniifi inni hiriyyoota.,General
ድመቴ ትወደኛለች።,Adurreen koo na jaallatti.,General
ቶም በስራው ደስተኛ እንዳልነበር ተናግሯል።,Toom hojii isaatti akka hin gammanne dubbateera.,General
ማድረግ አልቻልንም።,Nuti gochuu hin dandeenye.,General
ኮሚቴው አስር አባላትን ያቀፈ ነው።,Koreen kun miseensota kudhan of keessaa qaba.,Religion
ባቡሩ በበረዶ ውሽንፍር ምክንያት ዘግይቶ ደረሰ።,Baaburri kun sababa obomboleettii qorraatiin yeroon booda dhufe.,General
ግልጽ ያልሆነ መልስ ሰጠ።,Deebii ifa hin taane kenne.,Education
በምስራቅ ንፋስ የተገፋው እሳቱ የከተማዋን መሃል አጠፋ።,Ibiddi qilleensa bahaatiin oofamee giddugala magaalattii barbadeesse.,General
እነዚህን ሁለት ደብዳቤወች የጻፈው ማን ነበር፧,Xalayaa lamaan kana kan barreesse eenyu ture?,General
ቴምብሮችን ለምን ይፈልጋሉ፧,Maaliif chaappaa barbaadda?,General
ቶም መቸም ይቅር የሚለኝ አይመስለኝም።,Toom yoomiyyuu dhiifama naaf godhu jedhee hin yaadu.,General
እኔ በፊትህ ነበርኩ።,Ani fuuldura keen ture.,General
በዚያ ቀይ ሹራብ ውስጥ ቆንጆ ትመስላለህ።,Shurraabii diimaa sanaan bareedduu fakkaatta.,General
መርከብ መተው ነበረብን።,Doonii dhiisuu qabna turre.,General
ስለዚህ ችግር ለማንም ሰው ነግረው ያውቃሉ፧,Rakkoo kana nama tokkotti himtee beekta?,General
እጥፍ መክፈል አለብህ።,Dachaa kaffaluu qabda.,General
በህይወቴ ይህን ያህል ነገር ፈልጌ አላውቅም።,Jireenya koo keessatti waa hamma kana barbaadee hin beeku.,General
ዛሬ ትምህርት ቤት ትሄዳለህ፧,Har'a mana barumsaa ni deemtaa?,Education
ጊዜ ስጠኝ።,Yeroo naaf kenni.,General
ጸጥታ እባክወን።,Callisaa maaloo.,Government
ለእግር ጉዞ ሄድን።,Deemnsa miilaa deemne.,General
ሁለተኛ ደረጃ ትምህርት ቤት እወድ ነበር።,Mana barumsaa sadarkaa lammaffaa nan jaalladhan ture.,Education
ከእኛ አንዳንድ ፎቶ ማንሳት ይችላሉ፧,Suuraa tokko tokko nu kaasuu dandeessuu?,General
ቶም መተው አልነበረበትም።,Toom bahuu hin qabu ture.,General
መጽሃፍ የሌለበት ክፍል ነፍስ እንደሌለው ስጋ ነው።,Kutaan kitaaba hin qabne akka qaama lubbuu hin qabneeti.,Education
ወደ ህሊናየ ስመለስ ሆስፒታል ነበርኩ።,Yeroon of wallaalee hospitaala ture.,Health/Medical
እኔ የማውቀው አንተ ብቻ ነህ ለዚህ ጥያቄ መልስ የምትሰጠው።,Gaaffii kanaaf deebii kennuu kan danda'u nama ani beeku si qofa ta'uu hin oolu.,Education
ቶም ችግር እንዳለበት ያውቅ ነበር።,Toom rakkina akka qabu beeka ture.,General
ነገ መልሱን እሰጣቸዋለሁ።,Boru deebii isaaniif nan kenna.,General
እነዚህ ጌጣጌጦች ውድ ናቸው።,Faayaan kun qaala'aa dha.,General
ፖሊስ ለዛ ሊይዝህ ይችላል።,Poolisiin kanaaf si qabuu danda'a.,Government
እንድትሄድ እመኛለሁ።,Akka ati deemtu nan amana.,General
አጎቴ በውጭ አገር ለብዙ አመታት ኖሯል።,Eessumni koo waggoota dheeraaf biyya alaa jiraatera.,General
ሞኞች አይደለንም።,Nuti gowwota miti.,General
ቆመናል።,Dhaabbannee jirra.,General
ብዙ ካናዳውያን ፈረንሳይኛ ይናገራሉ።,Lammiileen Kaanaadaa hedduun afaan Faransaayii ni dubbatu.,General
በሰወች መካከል ጠፋሁ።,Namoota gidduudha badeen ture.,General
አሁን ብትጀምር ይሻልሃል።,Amma yoo jalqabde gaariidha.,General
የእንግሊዝኛ ፕሮግራሞችን በሬድዮ የምትሰሙ ከሆነ እንግሊዝኛ መማር የምትችለው በከንቱ ነው።,Raadiyoodhaan sagantaa Afaan Ingiliffaa yoo dhaggeeffatte rakkoo malee Afaan Ingilizii barachuu dandeessa.,Agriculture
ይህ ነው።,Kanadha.,General
በዚያ መኪና ውስጥ ያየኸው እኛ አይደለንም።,Konkolaataa sana keessatti kan argite nu miti.,General
ሁሌም በማለዳ እነሳለሁ።,Yeroo hundama ganaman ka'a.,General
በየሳምንቱ መጨረሻ ማለት ይቻላል ተራራ ለመውጣት እንሄዳለን።,Dhuma torbee hunda jechuun ni danda'ama gaara yaabbachuuf deemna.,General
አርጅተዋል።,Isaan dulloomaniiru.,General
አስተማሪህ ነው፧,Barsiisa keetidha?,Education
ንቁ ይሁኑ።,Dammaqaa ta'aa.,General
ነገ ማታስ፧,Boru galgala akkam?,General
በፍጹም ዝም ብለህ ቆይ።,Guutumaan guututti tasgabbaa'i.,General
በአንድ ወቅት በግሪክ አንድ ታላቅ ንጉስ ይኖር ነበር።,Yeroo tokko Giriik keessatti mootiin guddaan tokko jiraata ture.,Agriculture
በቤተ መጻህፍቱ ውስጥ አለ።,Mana kitaabaa keessa jira.,General
ትንሽ ልዩነት ያመጣል።,Jijjiirama xiqqoo fida.,General
የሚቀጥለውን አውቶቡስ ልይዘው ነው።,Atoobisii itti aanu qabachuuf deema.,General
እንደዚህ አይነት እንግዳ ጉዳይ አጋጥሞኝ አያውቅም።,Dhimmi ajaa'ibaa akkasii na mudatee hin beeku.,General
መረጃ እየከለከሉ ከሆነ፣ ከባድ መዘዞች ሊኖሩ ይችላሉ።,"Yoo odeeffannoo dhoksaa jiru ta'e, bu'aan hamaan mudachuu danda'a.",General
እንደት ያለ እፎይታ ነው!,Akkam boqonnaa guddaa argamsiisa!,General
መነጽርወቸ በአፍንጫየ ላይ ይንሸራተቱ።,Fuulleen ijaa koo fuunyaani kooirra gadi lo'a,General
ፈተናውን ተቀበልኩ።,Qormaata sana fudhadheera.,Education
የቶም ፈረንሳይኛ ፍጹም ነው።,Afaan Faransaayii Toom mudaa kan hin qabnedha.,General
አንድ ምት ይስጡት።,Rukuttaa tokko itti kenni,General
ጨረቃ እየጨመረ ነው።,Ji'i dabalaa jira.,General
የእኔ ስኬት በአንተ እርዳታ ነው።,Milkaa'inni koo gargaarsa kee irraa kan ka'edha.,General
ስንት ጓደኞችህ ጺም አላቸው፧,Hiriyoonni kee meeqatu qeensa qaba?,General
ከመጽሃፍ ቅዱስ ነው።,Macaafa Qulqulluu irraati.,Education
ተሳክቶልናል።,nuuf milkaa'era.,General
ልቀላቀልህ እፈልጋለሁ።,Si waliin ta'uu barbaada.,General
የዩሹ ሁለተኛ ደረጃ ትምህርት ቤት ተማሪ ነው።,Barataa mana barumsaa sadarkaa lammaffaa Yushu ti.,Education
ቶም ፈረንሳይኛ መማር አልፈልግም ብሏል።,Toom afaan Faransaayii barachuu hin barbaadu jedheera.,Education
የወደፊቱን ማወቅ ይፈልጋሉ፧,Gara fuulduraa beekuu barbaaddaa?,General
ይህ ጽሁፍ ለማንበብ ከባድ ነው።,Barreeffama kana dubbisuun rakkisaadha.,General
ነቅተህ መጠበቅ አለብህ።,Dammaqxee eeguu qabda.,General
ወደ ጠላት መቅረብ አንችልም።,Diinaatti dhihaachuu hin dandeenyu.,General
አሁን ወደዚህ ስብሰባ መድረስ አለብኝ።,Walgahii kana amma gahuun qaba.,Government
እባካችሁ ጨዋታውን ልሞክረው።,Maaloo tapha kana nan yaala.,General
በጣም ደስተኛ መሆን አይገባኝም።,Akkasitti gammaduun naaf hin malu.,General
ልጀ እንዳንተ እንድሆን አልፈልግም።,Ilmi koo akka kee akka ta'u hin barbaadu.,General
የምትጽፈው ድርሰት እንዳለህ አውቃለሁ።,Barreeffama barreessitu akka qabdu nan beeka.,General
ይህ ችግር ውስጥ እንደማይከተኝ ብቻ ንገረኝ።,Kun rakkina keessa akka na hin galchne qofa natti himi.,General
ቤቱ ያልተያዘ ይመስላል።,Manni kun waan hin qabamne fakkaata.,General
በተመሳሳይ ጊዜ ፓሪስ ደረሱ።,Yeroo wal fakkaatutti Paaris gahan.,General
ይውሰዱት ወይም ይተውት።,Fudhadhu yookin dhiisi.,General
ቶም ጥልቀት በሌለው ገንዳው መጨረሻ ላይ ቆየ።,Toom dhuma bishaan kuufamaa sanaa isa gadi fagoo taʼe keessa ture.,General
ቶም ከማርያም ጋር ጊዜ አሳልፏል።,Toom Maariyaam wajjin yeroo dabarseera.,Religion
ገና በመምጣቱ በጣም ደስተኛ ነኝ።,Ayyaanni Qillee dhufuu isaatti baay'een gammada.,Religion
ወይኑን ስጠኝ።,Wayinicha naaf kenni.,General
ከእነዚያ ሰወች ጋር አትግባ።,Namoota sana waliin hin seenin.,General
ቶም ከእኔ ጋር ሁለተኛ ደረጃ ትምህርት ቤት ገባ።,Toom mana barumsaa sadarkaa lammaffaa na waliin seene.,Education
እሱ ለሁሉም ሰው ጥሩ ቃል እና አስደሳች ፈገግታ ነበረው።,Inni nama hundumaaf jecha gaarii fi kolfa namatti tolu qaba.,General
በዚህ ክፍል ውስጥ አስር ሰወች አሉ።,Kutaa kana keessa namoota kudhantu jiru.,Education
ከመጠን በላይ ላለመብላት ይሞክሩ።,Garmalee nyaachuu dhiisuu yaalaa.,General
በአዳራሹ ውስጥ መቶ ሰወች ነበሩ።,Galma sana keessa namoota dhibba tokkotu turan.,General
እኔ ፍትሃዊ እና ካሬ አሸንፈዋል።,Iftoominni ni injifata.,General
እንደገና ይህን ለማድረግ ይሞክሩ።,Ammas kana gochuuf yaali.,Religion
ጨረቃ ላይ አየር የለም።,Ji'a irra qilleensi hin jiru.,General
የዚህ መኪና ባለቤት ነኝ።,Konkolaatan kun kan kooti,Business/Economy
ያ የመከሰት እድሉ ትንሽ ነው ብየ አስባለሁ።,Carraan sun ta'uu xiqqaadha jedheen yaadera.,General
አልጨረስኩም።,Hin xumurre.,General
እናቴ አድስ ሹራብ እየጠለፈችኝ ነው።,Harmeen koo shurraabii haaraa naaf hodhaa jirti.,General
የተሻለ መስራት እንፈልጋለን።,Kana caalaa hojjechuu barbaanna.,General
ቶም ማርያምን ፈለገ።,Toom Maariyaam barbaade.,Religion
አዳድስ ነገሮችን ማግኘት እወዳለሁ።,Wantoota haaraa argachuun natti tola.,General
እሱ የእናንተ የተለመደ ስራ ሰሪ ነው።,Inni hojii keessan isa idilee hojjeta.,General
ቢላወቹ የት አሉ፧,Haadduun eessa jira?,General
በቀጥታ ማሰብ አልቻልኩም።,Sirritti yaaduu hin dandeenye.,General
ፈረንሳይኛ መማር ጀመርኩ።,Afaan Faransaayii barachuu jalqabeera.,Education
ቶም አሁን ይህን ማድረግ አለበት።,Toom amma kana gochuu qaba.,General
ተመልከት።,Mee ilaali.,General
ሁለቱንም ወደዳት እና ሁለቱም ወደዷት።,Isheen lamaan isaanii jaallatte lamaan isaanii iyyuu ishee jaallatan.,General
ቤትወ ምን ይመስላል፧,Manni keessan maal fakkaata?,General
ተባባሪወ የት አለ፧,keessummeessan eessa jira?,General
ሰርጎ ገቦች ያለፈቃድ ኮምፒውተሮችን ይሰብራሉ።,Haakeroonni hayyama malee kompiitara cabsanii seenu.,General
አጋጣሚውን ተጠቅሞበታል።,Carraa argatetti fayyadame.,General
ያች ተዋናይት እንደቀድሞው ቆንጆ ነች።,Taattuun sun akkuma durii bareedduudha.,General
እዚህ ይምጡ።,As kotta.,General
ቶም ክስተቱን በዝርዝር ገልጿል።,Toom taatee kana bal'inaan ibseera.,Government
በማቀዝቀዣው ውስጥ ክራንቤሪ ጭማቂ አለ።,Firijii keessa dhangala'aan kiranberii jira.,General
ፈረንሳይኛ መማር እፈልጋለሁ፣ ግን ጊዜ የለኝም።,"Afaan Faransaayii barachuu nan barbaada, garuu yeroon hin qabu.",Education
ከዛፉ ጀርባ ተደበቅኩ።,Muka duubaan dhokadhe.,General
እንድመለስ ትፈልጋለህ፧,Akkan deebi'u barbaaddaa?,General
ቶም ፈረንሳይኛ አስተማረ።,Toom Afaan Faransaayii barsiise.,General
ቶምን እንደሳምከው አላምንም።,Toomii dhungatte jedhee amanuu hin danda'u.,Agriculture
ጠበቃው በደንበኛው ንጹህነት ያምን ነበር።,Abukaatoon kun qulqullummaa maamila isaatti amane.,Agriculture
በልቤ ውስጥ ትኖራለህ።,Ati onnee koo keessa jiraatta.,Education
የባህር ሃይሉን ተቀላቅያለሁ።,Humna galaanatti dabalameera,General
ሁሉም ነገር እንደነበረው ይቀራል።,Wanti hundi akkuma turetti hafeera.,General
ቶም በፍጹም አይረዳኝም።,Toom gonkumaa na hin gargaaru.,General
ብዙ ቡና ጠጥተናል።,Buna baay'ee dhugnerra.,Agriculture
በዚህ ክፍል ውስጥ በጣም ብዙ ሰወች አሉ።,Kutaa kana keessa namoota baay'etu jira.,Education
ኩሬው በታድፖል የተሞላ ነው።,Kuufamni kun qamalee hedduudhaan guutameera.,General
ማንንም እያታለልክ አይደለም።,Nama tokkollee gowwoomsaa hin jirtu,General
ዛሬ በጣም ቆንጆ ትመስላለህ።,Har'a akka malee bareedduu fakkaatta.,General
ትንሽ የስፓኒሽ እውቀት ወደ ሜክሲኮ ጉዞወን አስደሳች ለማድረግ,Afaan Ispeen xiqqoo beekuun imala gara Meksikootti gootan akka nama gammachiisu gochuuf,General
ረጅም መንገድ ይወስዳል።,karaa dheeraa fudhata.,General
ለምን ልታስቀኝ ትሞክራለህ፧,Maaliif na kofalchiisuuf yaalta?,General
ምን አይነት የሚያምር ቀን!,Guyyaa akkam bareedaadha!,General
ህጻኑ ገና አይራመድም።,Daa'imni ammallee hin deemu.,Religion
አልጋው ላይ መዝለልን አቁም።,Siree irra utaaluu dhiisi.,Health/Medical
ቶም ለዝግጅቱ ሲዘጋጅ ሙሉ ጠዋት አሳለፈ።,Toom ganama guutuu sagantichaaf qophaaʼuudhaan dabarseera.,General
ይህችን ከተማ እወዳታለሁ።,Magaalaa kana baay'een jaalladhe.,General
ጥቂት የእንግሊዝኛ ገጾችን ለመተርጎም ከሁለት ሰአት በላይ ፈጅቶብኛል።,Fuula muraasa Afaan Ingiliffaa hiikuuf sa'aatii lamaa ol natti fudhate.,General
እኛን ለማዘዝ ምን መብት አለህ፧,Nuun nu ajajuuf mirga akkamii qabda?,Government
አለቃውን እንዳልሰማ መሰለ።,Hogganaa isaa akka hin dhageenye fakkeesse.,General
ሳየው አምናለሁ።,Yeroon argu nan amana.,General
በህይወቴ ብዙ ዛፎችን አይቸ አላውቅም።,Jireenya koo keessatti muka baay'ee argee hin beeku.,General
ሌላ ሰው ያግኙ።,Nama biraa barbaadi.,General
ፓስወርድ የሚለውን ቃል እንደ ፓስወርድ መጠቀም አልነበረብኝም።,"Jecha ""password"" jedhu akka password kootti fayyadamuu hin qabu ture.",General
በላፕቶፕየ ላይ ሊኑክስን እያሄድኩ ነው።,Laaptooppii koo irratti Linux hojjechaa jira.,Government
ከእርስወ ጋር ወዳጃዊ ለመሆን መሞከሩን አቆማለሁ።,isaan waliin michuu ta'uuf yaaluu dhaabera.,General
ከዚያ በኋላ ከእርሱ አልሰማሁም።,Ergasii booda isa irraa hin dhageenye.,General
ምን እየሆነ እንዳለ ተረዳሁ።,Waan ta'aa jiru hubadheera.,General
ጨዋ ሰው ነው። እንድህ ያለ ነገር ሊናገር አይችልም።,Inni nama gaarii dha. Waan akkasii dubbachuu hin danda'u.,General
ስሜ ቶም እባላለሁ። የእርስወ ምንድን ነው፧,Maqaan koo Toom jedhama. Kan keessan eenyudha?,General
በሩን እንድያስተካክል ልጀን አገኘሁት።,Balbalicha akka sirreessuuf ilma koon argadhe,General
ትንሽ ተጨማሪ ትኩረት መስጠት ነበረብኝ።,Xiqqoo xiyyeeffannoo dabalataa kennuu qaba ture.,General
ስፓኒሽ በሜክሲኮ ይነገራል።,Ispaanishii Meeksikoo keessatti ni dubbatama.,General
ሰነፍ ነኝ።,Ani dadhabaadha.,General
ቶም ገርጣ ነበር።,Toom halluu diimaa qaba ture.,General
ጥሩ የፈረንሳይኛ መዝገበ ቃላት ቢኖረኝ እመኛለሁ።,Galmee jechootaa afaan Faransaayii gaarii osoon qabaadhee natti tola.,General
ይህ ዳቦ በእውነት ጣፋጭ ነው። የት ነው የገዛኸው፧,Daabboon kun dhuguma mi'aawaa dha. Eessaa bitatte?,Religion
ቶም ከወትሮው በበለጠ ፍጥነት ይናገር ነበር።,Toom yeroo biraa caalaa saffisaan dubbachaa ture.,General
አነስተኛ ንግድ እሰራለሁ።,Daldala xixiqqaa nan hojjedha.,Business/Economy
እኔ መነኩሴ ነኝ።,Ani monoksaadha.,General
